period_label,water_body,station_no,station,latitude,longitude,date,time,year,month,date_source,dissolved_oxygen_mg_l,ph,temperature_c,bod_mg_l,tss_mg_l,color_tcu,fecal_coliform_mpn,total_coliform_mpn,ammonia_mg_l,nitrates_mg_l,phosphates_mg_l,chlorides_mg_l,below_dl,above_range,parse_issues,imputed_params,outlier_params
CY 2012 JANUARY,Marilao,1,Marilao Caloocan Bridge DECA Homes Marilao Bulacan,14.779430555555557,121.02717777777778,,,2012,1,period_label,4.59,,,33.0,,,,,,,,,"","","","",""
CY 2012 JANUARY,Marilao,2,Prenza Dam Brgy. Prenza II Marilao Bulacan,14.781330555555556,120.99786666666667,,,2012,1,period_label,3.7,,,28.0,,,,,,,,,"","","","",""
CY 2012 JANUARY,Marilao,3,"Expressway Bridge Brgy. Patubig Marilao, Bulacan",14.771083333333333,120.95876944444444,,,2012,1,period_label,2.6,,,43.0,,,,,,,,,"","","","",""
CY 2012 JANUARY,Marilao,4,Tabing ilog Bridge Brgy. Tabing Ilog Marilao Bulacan,14.760644444444445,120.94974722222223,,,2012,1,period_label,2.5,,,225.0,,,,,,,,,"","","","",bod_mg_l
CY 2012 JANUARY,Marilao,5,Ibayo Bridge Brgy. Ibayo Marilao Bulacan,14.75435,120.95101111111111,,,2012,1,period_label,2.2,,,45.0,,,,,,,,,"","","","",""
CY 2012 FEBRUARY,Marilao,1,Marilao Caloocan Bridge DECA Homes Marilao Bulacan,14.779430555555557,121.02717777777778,,,2012,2,period_label,4.5,,,23.0,,,,,,,,,"","","","",""
CY 2012 FEBRUARY,Marilao,2,Prenza Dam Brgy. Prenza II Marilao Bulacan,14.781330555555556,120.99786666666667,,,2012,2,period_label,3.2,,,16.0,,,,,,,,,"","","","",""
CY 2012 FEBRUARY,Marilao,3,"Expressway Bridge Brgy. Patubig Marilao, Bulacan",14.771083333333333,120.95876944444444,,,2012,2,period_label,2.3,,,15.0,,,,,,,,,"","","","",""
CY 2012 FEBRUARY,Marilao,4,Tabing ilog Bridge Brgy. Tabing Ilog Marilao Bulacan,14.760644444444445,120.94974722222223,,,2012,2,period_label,2.5,,,5.0,,,,,,,,,"","","","",""
CY 2012 FEBRUARY,Marilao,5,Ibayo Bridge Brgy. Ibayo Marilao Bulacan,14.75435,120.95101111111111,,,2012,2,period_label,2.1,,,52.0,,,,,,,,,"","","","",""
CY 2012 MARCH,Marilao,1,Marilao Caloocan Bridge DECA Homes Marilao Bulacan,14.779430555555557,121.02717777777778,,,2012,3,period_label,3.57,,,11.0,,,,,,,,,"","","","",""
CY 2012 MARCH,Marilao,2,Prenza Dam Brgy. Prenza II Marilao Bulacan,14.781330555555556,120.99786666666667,,,2012,3,period_label,4.21,,,17.0,,,,,,,,,"","","","",""
CY 2012 MARCH,Marilao,3,"Expressway Bridge Brgy. Patubig Marilao, Bulacan",14.771083333333333,120.95876944444444,,,2012,3,period_label,2.21,,,14.0,,,,,,,,,"","","","",""
CY 2012 MARCH,Marilao,4,Tabing ilog Bridge Brgy. Tabing Ilog Marilao Bulacan,14.760644444444445,120.94974722222223,,,2012,3,period_label,1.85,,,195.0,,,,,,,,,"","","","",bod_mg_l
CY 2012 MARCH,Marilao,5,Ibayo Bridge Brgy. Ibayo Marilao Bulacan,14.75435,120.95101111111111,,,2012,3,period_label,0.45,,,24.0,,,,,,,,,"","","","",""
CY 2012 APRIL,Marilao,1,Marilao Caloocan Bridge DECA Homes Marilao Bulacan,14.779430555555557,121.02717777777778,,,2012,4,period_label,3.4,,,19.0,,,,,,,,,"","","","",""
CY 2012 APRIL,Marilao,2,Prenza Dam Brgy. Prenza II Marilao Bulacan,14.781330555555556,120.99786666666667,,,2012,4,period_label,3.2,,,13.0,,,,,,,,,"","","","",""
CY 2012 APRIL,Marilao,3,"Expressway Bridge Brgy. Patubig Marilao, Bulacan",14.771083333333333,120.95876944444444,,,2012,4,period_label,2.7,,,23.0,,,,,,,,,"","","","",""
CY 2012 APRIL,Marilao,4,Tabing ilog Bridge Brgy. Tabing Ilog Marilao Bulacan,14.760644444444445,120.94974722222223,,,2012,4,period_label,4.5,,,19.0,,,,,,,,,"","","","",""
CY 2012 APRIL,Marilao,5,Ibayo Bridge Brgy. Ibayo Marilao Bulacan,14.75435,120.95101111111111,,,2012,4,period_label,5.2,,,28.0,,,,,,,,,"","","","",""
CY 2012 MAY,Marilao,1,Marilao Caloocan Bridge DECA Homes Marilao Bulacan,14.779430555555557,121.02717777777778,,,2012,5,period_label,5.5,,,9.0,,,,,,,,,"","","","",""
CY 2012 MAY,Marilao,2,Prenza Dam Brgy. Prenza II Marilao Bulacan,14.781330555555556,120.99786666666667,,,2012,5,period_label,4.56,,,8.0,,,,,,,,,"","","","",""
CY 2012 MAY,Marilao,3,"Expressway Bridge Brgy. Patubig Marilao, Bulacan",14.771083333333333,120.95876944444444,,,2012,5,period_label,2.62,,,82.0,,,,,,,,,"","","","",""
CY 2012 MAY,Marilao,4,Tabing ilog Bridge Brgy. Tabing Ilog Marilao Bulacan,14.760644444444445,120.94974722222223,,,2012,5,period_label,4.0,,,14.0,,,,,,,,,"","","","",""
CY 2012 MAY,Marilao,5,Ibayo Bridge Brgy. Ibayo Marilao Bulacan,14.75435,120.95101111111111,,,2012,5,period_label,3.42,,,11.0,,,,,,,,,"","","","",""
CY 2012 JUNE,Marilao,1,Marilao Caloocan Bridge DECA Homes Marilao Bulacan,14.779430555555557,121.02717777777778,,,2012,6,period_label,6.5,,,10.0,,,,,,,,,"","","","",dissolved_oxygen_mg_l
CY 2012 JUNE,Marilao,2,Prenza Dam Brgy. Prenza II Marilao Bulacan,14.781330555555556,120.99786666666667,,,2012,6,period_label,2.94,,,3.0,,,,,,,,,"","","","",""
CY 2012 JUNE,Marilao,3,"Expressway Bridge Brgy. Patubig Marilao, Bulacan",14.771083333333333,120.95876944444444,,,2012,6,period_label,7.48,,,7.0,,,,,,,,,"","","","",dissolved_oxygen_mg_l
CY 2012 JUNE,Marilao,4,Tabing ilog Bridge Brgy. Tabing Ilog Marilao Bulacan,14.760644444444445,120.94974722222223,,,2012,6,period_label,1.4,,,22.0,,,,,,,,,"","","","",""
CY 2012 JUNE,Marilao,5,Ibayo Bridge Brgy. Ibayo Marilao Bulacan,14.75435,120.95101111111111,,,2012,6,period_label,0.96,,,35.0,,,,,,,,,"","","","",""
CY 2012 JULY,Marilao,1,Marilao Caloocan Bridge DECA Homes Marilao Bulacan,14.779430555555557,121.02717777777778,,,2012,7,period_label,5.5,,,5.0,,,,,,,,,"","","","",""
CY 2012 JULY,Marilao,2,Prenza Dam Brgy. Prenza II Marilao Bulacan,14.781330555555556,120.99786666666667,,,2012,7,period_label,3.7,,,6.0,,,,,,,,,"","","","",""
CY 2012 JULY,Marilao,3,"Expressway Bridge Brgy. Patubig Marilao, Bulacan",14.771083333333333,120.95876944444444,,,2012,7,period_label,1.8,,,37.0,,,,,,,,,"","","","",""
CY 2012 JULY,Marilao,4,Tabing ilog Bridge Brgy. Tabing Ilog Marilao Bulacan,14.760644444444445,120.94974722222223,,,2012,7,period_label,1.3,,,8.0,,,,,,,,,"","","","",""
CY 2012 JULY,Marilao,5,Ibayo Bridge Brgy. Ibayo Marilao Bulacan,14.75435,120.95101111111111,,,2012,7,period_label,1.0,,,9.0,,,,,,,,,"","","","",""
CY 2012 AUGUST,Marilao,1,Marilao Caloocan Bridge DECA Homes Marilao Bulacan,14.779430555555557,121.02717777777778,,,2012,8,period_label,3.5,,,8.0,,,,,,,,,"","","","",""
CY 2012 AUGUST,Marilao,2,Prenza Dam Brgy. Prenza II Marilao Bulacan,14.781330555555556,120.99786666666667,,,2012,8,period_label,4.1,,,6.0,,,,,,,,,"","","","",""
CY 2012 AUGUST,Marilao,3,"Expressway Bridge Brgy. Patubig Marilao, Bulacan",14.771083333333333,120.95876944444444,,,2012,8,period_label,2.1,,,9.0,,,,,,,,,"","","","",""
CY 2012 AUGUST,Marilao,4,Tabing ilog Bridge Brgy. Tabing Ilog Marilao Bulacan,14.760644444444445,120.94974722222223,,,2012,8,period_label,1.9,,,20.0,,,,,,,,,"","","","",""
CY 2012 AUGUST,Marilao,5,Ibayo Bridge Brgy. Ibayo Marilao Bulacan,14.75435,120.95101111111111,,,2012,8,period_label,2.3,,,14.0,,,,,,,,,"","","","",""
CY 2012 SEPTEMBER,Marilao,1,Marilao Caloocan Bridge DECA Homes Marilao Bulacan,14.779430555555557,121.02717777777778,,,2012,9,period_label,3.5,,,19.0,,,,,,,,,"","","","",""
CY 2012 SEPTEMBER,Marilao,2,Prenza Dam Brgy. Prenza II Marilao Bulacan,14.781330555555556,120.99786666666667,,,2012,9,period_label,3.2,,,9.0,,,,,,,,,"","","","",""
CY 2012 SEPTEMBER,Marilao,3,"Expressway Bridge Brgy. Patubig Marilao, Bulacan",14.771083333333333,120.95876944444444,,,2012,9,period_label,2.4,,,24.0,,,,,,,,,"","","","",""
CY 2012 SEPTEMBER,Marilao,4,Tabing ilog Bridge Brgy. Tabing Ilog Marilao Bulacan,14.760644444444445,120.94974722222223,,,2012,9,period_label,1.7,,,14.0,,,,,,,,,"","","","",""
CY 2012 SEPTEMBER,Marilao,5,Ibayo Bridge Brgy. Ibayo Marilao Bulacan,14.75435,120.95101111111111,,,2012,9,period_label,1.3,,,10.0,,,,,,,,,"","","","",""
CY 2012 OCTOBER,Marilao,1,Marilao Caloocan Bridge DECA Homes Marilao Bulacan,14.779430555555557,121.02717777777778,,,2012,10,period_label,3.2,,,9.0,,,,,,,,,"","","","",""
CY 2012 OCTOBER,Marilao,2,Prenza Dam Brgy. Prenza II Marilao Bulacan,14.781330555555556,120.99786666666667,,,2012,10,period_label,3.1,,,8.0,,,,,,,,,"","","","",""
CY 2012 OCTOBER,Marilao,3,"Expressway Bridge Brgy. Patubig Marilao, Bulacan",14.771083333333333,120.95876944444444,,,2012,10,period_label,1.7,,,12.0,,,,,,,,,"","","","",""
CY 2012 OCTOBER,Marilao,4,Tabing ilog Bridge Brgy. Tabing Ilog Marilao Bulacan,14.760644444444445,120.94974722222223,,,2012,10,period_label,2.1,,,9.0,,,,,,,,,"","","","",""
CY 2012 OCTOBER,Marilao,5,Ibayo Bridge Brgy. Ibayo Marilao Bulacan,14.75435,120.95101111111111,,,2012,10,period_label,2.4,,,20.0,,,,,,,,,"","","","",""
CY 2012 NOVEMBER,Marilao,1,Marilao Caloocan Bridge DECA Homes Marilao Bulacan,14.779430555555557,121.02717777777778,,,2012,11,period_label,3.1,,,11.0,,,,,,,,,"","","","",""
CY 2012 NOVEMBER,Marilao,2,Prenza Dam Brgy. Prenza II Marilao Bulacan,14.781330555555556,120.99786666666667,,,2012,11,period_label,3.3,,,7.0,,,,,,,,,"","","","",""
CY 2012 NOVEMBER,Marilao,3,"Expressway Bridge Brgy. Patubig Marilao, Bulacan",14.771083333333333,120.95876944444444,,,2012,11,period_label,1.4,,,26.0,,,,,,,,,"","","","",""
CY 2012 NOVEMBER,Marilao,4,Tabing ilog Bridge Brgy. Tabing Ilog Marilao Bulacan,14.760644444444445,120.94974722222223,,,2012,11,period_label,1.1,,,23.0,,,,,,,,,"","","","",""
CY 2012 NOVEMBER,Marilao,5,Ibayo Bridge Brgy. Ibayo Marilao Bulacan,14.75435,120.95101111111111,,,2012,11,period_label,1.3,,,33.0,,,,,,,,,"","","","",""
CY 2012 DECEMBER,Marilao,1,Marilao Caloocan Bridge DECA Homes Marilao Bulacan,14.779430555555557,121.02717777777778,,,2012,12,period_label,1.7,,,76.0,,,,,,,,,"","","","",""
CY 2012 DECEMBER,Marilao,2,Prenza Dam Brgy. Prenza II Marilao Bulacan,14.781330555555556,120.99786666666667,,,2012,12,period_label,2.1,,,87.0,,,,,,,,,"","","","",""
CY 2012 DECEMBER,Marilao,3,"Expressway Bridge Brgy. Patubig Marilao, Bulacan",14.771083333333333,120.95876944444444,,,2012,12,period_label,1.3,,,108.0,,,,,,,,,"","","","",""
CY 2012 DECEMBER,Marilao,4,Tabing ilog Bridge Brgy. Tabing Ilog Marilao Bulacan,14.760644444444445,120.94974722222223,,,2012,12,period_label,1.6,,,100.0,,,,,,,,,"","","","",""
CY 2012 DECEMBER,Marilao,5,Ibayo Bridge Brgy. Ibayo Marilao Bulacan,14.75435,120.95101111111111,,,2012,12,period_label,1.9,,,106.0,,,,,,,,,"","","","",""
CY 2013 JANUARY,Marilao,1,Marilao Caloocan Bridge DECA Homes Marilao Bulacan,14.779430555555557,121.02717777777778,2013-01-31,10:43:00,2013,1,date,3.2,8.7,,25.0,18.0,,,3.5e7,9.36,0.114,3.258,,"","","","",total_coliform_mpn
CY 2013 JANUARY,Marilao,2,Prenza Dam Brgy. Prenza II Marilao Bulacan,14.781330555555556,120.99786666666667,2013-01-31,11:18:00,2013,1,date,2.9,8.3,,12.0,10.0,,,3.5e6,6.968,0.122,3.051,,"","","","",""
CY 2013 JANUARY,Marilao,3,"Expressway Bridge Brgy. Patubig Marilao, Bulacan",14.771083333333333,120.95876944444444,2013-01-31,12:10:00,2013,1,date,1.4,7.9,,21.0,20.0,,,1.6e7,9.714,0.116,5.195,,"","","","",""
CY 2013 JANUARY,Marilao,4,Tabing ilog Bridge Brgy. Tabing Ilog Marilao Bulacan,14.760644444444445,120.94974722222223,2013-01-31,12:37:00,2013,1,date,1.1,8.08,,47.0,16.0,,,1.6e8,8.632,0.134,0.429,,"","","","",total_coliform_mpn
CY 2013 JANUARY,Marilao,5,Ibayo Bridge Brgy. Ibayo Marilao Bulacan,14.75435,120.95101111111111,2013-01-31,12:50:00,2013,1,date,1.2,8.01,,44.0,21.0,,,1.6e8,9.621,0.179,4.002,,"","","","",total_coliform_mpn
CY 2013 FEBRUARY,Marilao,1,Marilao Caloocan Bridge DECA Homes Marilao Bulacan,14.779430555555557,121.02717777777778,2013-02-21,11:12:00,2013,2,date,3.4,8.6,,23.0,12.0,,,9.2e7,31.872,0.112,3.497,,"","","","",total_coliform_mpn
CY 2013 FEBRUARY,Marilao,2,Prenza Dam Brgy. Prenza II Marilao Bulacan,14.781330555555556,120.99786666666667,2013-02-21,11:47:00,2013,2,date,3.1,8.4,,18.0,20.0,,,2.4e6,25.179,0.071,3.187,,"","","","",""
CY 2013 FEBRUARY,Marilao,3,"Expressway Bridge Brgy. Patubig Marilao, Bulacan",14.771083333333333,120.95876944444444,2013-02-21,12:47:00,2013,2,date,1.4,8.01,,25.0,16.0,,,9.2e6,32.338,0.065,6.013,,"","","","",""
CY 2013 FEBRUARY,Marilao,4,Tabing ilog Bridge Brgy. Tabing Ilog Marilao Bulacan,14.760644444444445,120.94974722222223,2013-02-21,13:12:00,2013,2,date,0.8,7.8,,56.0,18.0,,,1.6e7,30.529,0.042,6.737,,"","","","",phosphates_mg_l
CY 2013 FEBRUARY,Marilao,5,Ibayo Bridge Brgy. Ibayo Marilao Bulacan,14.75435,120.95101111111111,2013-02-21,13:25:00,2013,2,date,0.7,7.7,,96.0,27.0,,,1.6e8,36.938,0.021,6.668,,"","","","",total_coliform_mpn;phosphates_mg_l
CY 2013 MARCH,Marilao,1,Marilao Caloocan Bridge DECA Homes Marilao Bulacan,14.779430555555557,121.02717777777778,2013-03-06,10:43:00,2013,3,date,3.2,8.4,,14.0,20.0,,,740000.0,15.188,0.139,2.229,,"","","","",""
CY 2013 MARCH,Marilao,2,Prenza Dam Brgy. Prenza II Marilao Bulacan,14.781330555555556,120.99786666666667,2013-03-06,11:13:00,2013,3,date,3.5,8.3,,12.0,13.0,,,790000.0,15.808,0.155,2.977,,"","","","",""
CY 2013 MARCH,Marilao,3,"Expressway Bridge Brgy. Patubig Marilao, Bulacan",14.771083333333333,120.95876944444444,2013-03-06,12:06:00,2013,3,date,1.1,8.01,,31.0,21.0,,,5.4e6,18.659,0.116,4.047,,"","","","",""
CY 2013 MARCH,Marilao,4,Tabing ilog Bridge Brgy. Tabing Ilog Marilao Bulacan,14.760644444444445,120.94974722222223,2013-03-06,12:26:00,2013,3,date,1.3,8.04,,23.0,30.0,,,1.6e7,24.971,0.112,4.474,,"","","","",""
CY 2013 MARCH,Marilao,5,Ibayo Bridge Brgy. Ibayo Marilao Bulacan,14.75435,120.95101111111111,2013-03-06,12:40:00,2013,3,date,1.2,8.06,,28.0,26.0,,,1.1e7,26.136,0.144,4.314,,"","","","",""
CY 2013 APRIL,Marilao,1,Marilao Caloocan Bridge DECA Homes Marilao Bulacan,14.779430555555557,121.02717777777778,2013-04-17,12:10:00,2013,4,date,1.3,8.5,,25.0,9.0,,,5.4e7,26.344,0.291,4.781,,"","","","",total_coliform_mpn
CY 2013 APRIL,Marilao,2,Prenza Dam Brgy. Prenza II Marilao Bulacan,14.781330555555556,120.99786666666667,2013-04-17,12:35:00,2013,4,date,1.7,8.3,,20.0,6.0,,,3.5e7,29.783,0.332,3.729,,"","","","",total_coliform_mpn
CY 2013 APRIL,Marilao,3,"Expressway Bridge Brgy. Patubig Marilao, Bulacan",14.771083333333333,120.95876944444444,2013-04-17,13:05:00,2013,4,date,1.1,8.3,,22.0,11.0,,,3.5e6,27.19,0.103,5.307,,"","","","",""
CY 2013 APRIL,Marilao,4,Tabing ilog Bridge Brgy. Tabing Ilog Marilao Bulacan,14.760644444444445,120.94974722222223,2013-04-17,13:30:00,2013,4,date,1.2,8.2,,20.0,8.0,,,3.5e6,25.668,0.115,4.991,,"","","","",""
CY 2013 APRIL,Marilao,5,Ibayo Bridge Brgy. Ibayo Marilao Bulacan,14.75435,120.95101111111111,2013-04-17,13:51:00,2013,4,date,0.9,8.1,,16.0,8.0,,,3.5e7,23.864,0.115,5.096,,"","","","",total_coliform_mpn
CY 2013 MAY,Marilao,1,Marilao Caloocan Bridge DECA Homes Marilao Bulacan,14.779430555555557,121.02717777777778,2013-05-09,12:18:00,2013,5,date,3.75,8.73,,2.0,40.0,,,1.6e7,80.735,0.072,5.804,,"","","","",ammonia_mg_l
CY 2013 MAY,Marilao,2,Prenza Dam Brgy. Prenza II Marilao Bulacan,14.781330555555556,120.99786666666667,2013-05-09,12:40:00,2013,5,date,3.9,8.62,,118.0,30.0,,,1.6e8,73.866,0.012,4.372,,"","","","",total_coliform_mpn;ammonia_mg_l
CY 2013 MAY,Marilao,3,"Expressway Bridge Brgy. Patubig Marilao, Bulacan",14.771083333333333,120.95876944444444,2013-05-09,13:01:00,2013,5,date,0.9,8.27,,230.0,33.0,,,3.5e6,54.899,0.005,5.253,,"","","","",bod_mg_l;ammonia_mg_l
CY 2013 MAY,Marilao,4,Tabing ilog Bridge Brgy. Tabing Ilog Marilao Bulacan,14.760644444444445,120.94974722222223,2013-05-09,13:21:00,2013,5,date,0.82,8.52,,181.0,300.0,,,2.4e6,50.817,0.012,7.015,,"","","","",bod_mg_l;tss_mg_l;ammonia_mg_l;phosphates_mg_l
CY 2013 MAY,Marilao,5,Ibayo Bridge Brgy. Ibayo Marilao Bulacan,14.75435,120.95101111111111,2013-05-09,13:38:00,2013,5,date,0.69,8.2,,169.0,31.0,,,3.5e6,45.441,0.068,7.346,,"","","","",bod_mg_l;ammonia_mg_l;phosphates_mg_l
CY 2013 JUNE,Marilao,1,Marilao Caloocan Bridge DECA Homes Marilao Bulacan,14.779430555555557,121.02717777777778,2013-06-13,09:30:00,2013,6,date,1.8,7.6,,21.0,330.0,,,280000.0,9.627,0.142,10.098,,"","","","",tss_mg_l;phosphates_mg_l
CY 2013 JUNE,Marilao,2,Prenza Dam Brgy. Prenza II Marilao Bulacan,14.781330555555556,120.99786666666667,2013-06-13,09:48:00,2013,6,date,2.1,8.0,,18.0,30.0,,,16000.0,4.534,0.16,3.088,,"","","","",""
CY 2013 JUNE,Marilao,3,"Expressway Bridge Brgy. Patubig Marilao, Bulacan",14.771083333333333,120.95876944444444,2013-06-13,10:05:00,2013,6,date,1.2,8.25,,16.0,140.0,,,2.4e6,8.039,0.842,2.862,,"","","","",tss_mg_l;nitrates_mg_l
CY 2013 JUNE,Marilao,4,Tabing ilog Bridge Brgy. Tabing Ilog Marilao Bulacan,14.760644444444445,120.94974722222223,2013-06-13,10:26:00,2013,6,date,1.1,8.1,,10.0,120.0,,,2.4e6,5.41,0.242,2.749,,"","","","",tss_mg_l
CY 2013 JUNE,Marilao,5,Ibayo Bridge Brgy. Ibayo Marilao Bulacan,14.75435,120.95101111111111,2013-06-13,10:41:00,2013,6,date,1.3,8.3,,10.0,140.0,,,540000.0,1.319,0.149,3.653,,"","","","",tss_mg_l
CY 2013 JULY,Marilao,1,Marilao Caloocan Bridge DECA Homes Marilao Bulacan,14.779430555555557,121.02717777777778,2013-07-10,11:14:00,2013,7,date,1.9,6.1,,11.0,41.0,,,9.2e7,5.451,0.554,1.166,,"","","","",total_coliform_mpn
CY 2013 JULY,Marilao,2,Prenza Dam Brgy. Prenza II Marilao Bulacan,14.781330555555556,120.99786666666667,2013-07-10,11:58:00,2013,7,date,1.6,6.2,,6.0,114.0,,,540000.0,4.977,0.666,0.638,,"","","","",tss_mg_l
CY 2013 JULY,Marilao,3,"Expressway Bridge Brgy. Patubig Marilao, Bulacan",14.771083333333333,120.95876944444444,2013-07-10,12:20:00,2013,7,date,1.7,6.3,,22.0,72.0,,,2.4e6,6.054,0.856,1.044,,"","","","",tss_mg_l;nitrates_mg_l
CY 2013 JULY,Marilao,4,Tabing ilog Bridge Brgy. Tabing Ilog Marilao Bulacan,14.760644444444445,120.94974722222223,2013-07-10,12:57:00,2013,7,date,1.2,6.4,,16.0,137.0,,,540000.0,4.762,0.807,1.653,,"","","","",tss_mg_l;nitrates_mg_l
CY 2013 JULY,Marilao,5,Ibayo Bridge Brgy. Ibayo Marilao Bulacan,14.75435,120.95101111111111,2013-07-10,13:12:00,2013,7,date,1.1,6.2,,11.0,132.0,,,3.5e6,5.796,0.578,1.531,,"","","","",tss_mg_l
CY 2013 AUGUST,Marilao,1,Marilao Caloocan Bridge DECA Homes Marilao Bulacan,14.779430555555557,121.02717777777778,2013-08-14,10:05:00,2013,8,date,2.8,6.1,,6.0,20.0,,,2.4e6,6.052,0.946,0.573,,"","","","",nitrates_mg_l
CY 2013 AUGUST,Marilao,2,Prenza Dam Brgy. Prenza II Marilao Bulacan,14.781330555555556,120.99786666666667,2013-08-14,10:48:00,2013,8,date,2.2,6.2,,4.0,26.0,,,3.5e6,5.33,1.151,0.573,,"","","","",nitrates_mg_l
CY 2013 AUGUST,Marilao,3,"Expressway Bridge Brgy. Patubig Marilao, Bulacan",14.771083333333333,120.95876944444444,2013-08-14,11:25:00,2013,8,date,1.8,6.3,,3.0,25.0,,,5.4e6,7.159,1.279,0.883,,"","","","",nitrates_mg_l
CY 2013 AUGUST,Marilao,4,Tabing ilog Bridge Brgy. Tabing Ilog Marilao Bulacan,14.760644444444445,120.94974722222223,2013-08-14,11:33:00,2013,8,date,1.9,6.01,,11.0,6.0,,,2.4e6,5.089,0.996,0.557,,"","","","",ph;nitrates_mg_l
CY 2013 AUGUST,Marilao,5,Ibayo Bridge Brgy. Ibayo Marilao Bulacan,14.75435,120.95101111111111,2013-08-14,12:18:00,2013,8,date,2.1,6.1,,5.0,11.0,,,1.6e6,5.907,1.094,0.697,,"","","","",nitrates_mg_l
CY 2013 SEPTEMBER,Marilao,1,Marilao Caloocan Bridge DECA Homes Marilao Bulacan,14.779430555555557,121.02717777777778,2013-09-11,10:06:00,2013,9,date,3.1,6.1,,9.0,32.0,,,9.2e7,3.355,0.596,1.128,,"","","","",total_coliform_mpn
CY 2013 SEPTEMBER,Marilao,2,Prenza Dam Brgy. Prenza II Marilao Bulacan,14.781330555555556,120.99786666666667,2013-09-11,11:19:00,2013,9,date,2.8,6.2,,4.0,55.0,,,3.5e6,3.623,1.367,0.751,,"","","","",nitrates_mg_l
CY 2013 SEPTEMBER,Marilao,3,"Expressway Bridge Brgy. Patubig Marilao, Bulacan",14.771083333333333,120.95876944444444,2013-09-11,11:58:00,2013,9,date,1.8,6.1,,3.0,51.0,,,9.2e6,4.882,1.097,1.259,,"","","","",nitrates_mg_l
CY 2013 SEPTEMBER,Marilao,4,Tabing ilog Bridge Brgy. Tabing Ilog Marilao Bulacan,14.760644444444445,120.94974722222223,2013-09-11,11:25:00,2013,9,date,1.3,6.3,,4.0,35.0,,,5.4e6,4.147,0.99,0.997,,"","","","",nitrates_mg_l
CY 2013 SEPTEMBER,Marilao,5,Ibayo Bridge Brgy. Ibayo Marilao Bulacan,14.75435,120.95101111111111,2013-09-11,12:23:00,2013,9,date,1.6,6.2,,7.0,33.0,,,2.4e6,4.124,0.851,1.112,,"","","","",nitrates_mg_l
CY 2013 OCTOBER,Marilao,1,Marilao Caloocan Bridge DECA Homes Marilao Bulacan,14.779430555555557,121.02717777777778,2013-10-09,11:10:00,2013,10,date,2.4,6.5,,6.0,39.0,,,1.7e6,3.941,0.198,0.858,,"","","","",""
CY 2013 OCTOBER,Marilao,2,Prenza Dam Brgy. Prenza II Marilao Bulacan,14.781330555555556,120.99786666666667,2013-10-09,11:30:00,2013,10,date,2.6,6.3,,6.0,39.0,,,1.7e6,3.023,0.216,0.921,,"","","","",""
CY 2013 OCTOBER,Marilao,3,"Expressway Bridge Brgy. Patubig Marilao, Bulacan",14.771083333333333,120.95876944444444,2013-10-09,12:19:00,2013,10,date,1.9,6.7,,5.0,33.0,,,5.4e6,2.105,0.648,1.079,,"","","","",""
CY 2013 OCTOBER,Marilao,4,Tabing ilog Bridge Brgy. Tabing Ilog Marilao Bulacan,14.760644444444445,120.94974722222223,2013-10-09,12:44:00,2013,10,date,2.1,7.1,,9.0,19.0,,,3.5e6,2.046,0.471,1.095,,"","","","",""
CY 2013 OCTOBER,Marilao,5,Ibayo Bridge Brgy. Ibayo Marilao Bulacan,14.75435,120.95101111111111,2013-10-09,13:05:00,2013,10,date,2.2,7.2,,9.0,26.0,,,2.4e6,3.615,0.295,1.048,,"","","","",""
CY 2013 NOVEMBER,Marilao,1,Marilao Caloocan Bridge DECA Homes Marilao Bulacan,14.779430555555557,121.02717777777778,2013-11-06,08:51:00,2013,11,date,4.2,8.65,,8.0,13.0,,,5.4e6,4.343,0.876,1.876,,"","","","",nitrates_mg_l
CY 2013 NOVEMBER,Marilao,2,Prenza Dam Brgy. Prenza II Marilao Bulacan,14.781330555555556,120.99786666666667,2013-11-06,09:45:00,2013,11,date,3.8,8.27,,6.0,7.0,,,350000.0,5.719,0.285,1.535,,"","","","",""
CY 2013 NOVEMBER,Marilao,3,"Expressway Bridge Brgy. Patubig Marilao, Bulacan",14.771083333333333,120.95876944444444,2013-11-06,10:10:00,2013,11,date,0.8,7.99,,11.0,12.0,,,9.2e6,5.447,0.116,2.551,,"","","","",""
CY 2013 NOVEMBER,Marilao,4,Tabing ilog Bridge Brgy. Tabing Ilog Marilao Bulacan,14.760644444444445,120.94974722222223,2013-11-06,10:43:00,2013,11,date,0.6,7.75,,78.0,12.0,,,9.2e6,4.746,0.05,2.162,,nitrates_mg_l,"","","",""
CY 2013 NOVEMBER,Marilao,5,Ibayo Bridge Brgy. Ibayo Marilao Bulacan,14.75435,120.95101111111111,2013-11-06,11:05:00,2013,11,date,0.4,7.76,,35.0,12.0,,,5.4e6,4.497,0.05,1.9,,nitrates_mg_l,"","","",""
CY 2013 DECEMBER,Marilao,1,Marilao Caloocan Bridge DECA Homes Marilao Bulacan,14.779430555555557,121.02717777777778,2013-12-12,10:45:00,2013,12,date,1.8,8.1,,16.0,10.0,,,3.5e6,9.864,0.155,1.412,,"","","","",""
CY 2013 DECEMBER,Marilao,2,Prenza Dam Brgy. Prenza II Marilao Bulacan,14.781330555555556,120.99786666666667,2013-12-12,11:46:00,2013,12,date,1.9,7.9,,16.0,18.0,,,3.5e6,7.171,0.255,1.492,,"","","","",""
CY 2013 DECEMBER,Marilao,3,"Expressway Bridge Brgy. Patubig Marilao, Bulacan",14.771083333333333,120.95876944444444,2013-12-12,12:20:00,2013,12,date,1.1,7.17,,12.0,9.0,,,5.4e6,3.079,0.165,2.293,,"","","","",""
CY 2013 DECEMBER,Marilao,4,Tabing ilog Bridge Brgy. Tabing Ilog Marilao Bulacan,14.760644444444445,120.94974722222223,2013-12-12,12:50:00,2013,12,date,0.8,7.57,,42.0,11.0,,,9.2e6,3.079,0.177,0.177,,"","","","",""
CY 2013 DECEMBER,Marilao,5,Ibayo Bridge Brgy. Ibayo Marilao Bulacan,14.75435,120.95101111111111,2013-12-12,13:12:00,2013,12,date,0.97,7.18,,22.0,10.0,,,5.4e6,3.079,0.161,0.161,,"","","","",""
CY 2014 JANUARY,Marilao,1,Marilao Caloocan Bridge DECA Homes Marilao Bulacan,14.779430555555557,121.02717777777778,2014-01-08,11:50:00,2014,1,date,3.4,8.78,,24.0,7.0,,,2.4e7,16.841,0.048,2.748,,nitrates_mg_l,"","","",total_coliform_mpn
CY 2014 JANUARY,Marilao,2,Prenza Dam Brgy. Prenza II Marilao Bulacan,14.781330555555556,120.99786666666667,2014-01-08,12:35:00,2014,1,date,3.2,8.49,,17.0,10.0,,,700000.0,16.521,0.048,2.748,,nitrates_mg_l,"","","",""
CY 2014 JANUARY,Marilao,3,"Expressway Bridge Brgy. Patubig Marilao, Bulacan",14.771083333333333,120.95876944444444,2014-01-08,13:09:00,2014,1,date,1.43,8.24,,21.0,8.0,,,120.0,21.923,0.048,4.227,,nitrates_mg_l,"","","",""
CY 2014 JANUARY,Marilao,4,Tabing ilog Bridge Brgy. Tabing Ilog Marilao Bulacan,14.760644444444445,120.94974722222223,2014-01-08,13:39:00,2014,1,date,0.4,7.97,,40.0,8.0,,,2.4e7,24.915,0.048,4.36,,nitrates_mg_l,"","","",total_coliform_mpn
CY 2014 JANUARY,Marilao,5,Ibayo Bridge Brgy. Ibayo Marilao Bulacan,14.75435,120.95101111111111,2014-01-08,13:51:00,2014,1,date,0.34,8.01,,31.0,11.0,,,9.2e6,21.59,0.048,4.075,,nitrates_mg_l,"","","",""
CY 2014 FEBRUARY,Marilao,1,Marilao Caloocan Bridge DECA Homes Marilao Bulacan,14.779430555555557,121.02717777777778,2014-02-05,10:50:00,2014,2,date,2.9,8.86,,29.0,10.0,,,9.2e6,5.339,0.156,3.536,,"","","","",""
CY 2014 FEBRUARY,Marilao,2,Prenza Dam Brgy. Prenza II Marilao Bulacan,14.781330555555556,120.99786666666667,2014-02-05,11:25:00,2014,2,date,0.1,8.31,,20.0,4.0,,,350000.0,3.513,0.16,3.558,,"","","","",""
CY 2014 FEBRUARY,Marilao,3,"Expressway Bridge Brgy. Patubig Marilao, Bulacan",14.771083333333333,120.95876944444444,2014-02-05,11:59:00,2014,2,date,0.94,7.76,,20.0,6.0,,,540000.0,5.156,0.244,5.128,,"","","","",""
CY 2014 FEBRUARY,Marilao,4,Tabing ilog Bridge Brgy. Tabing Ilog Marilao Bulacan,14.760644444444445,120.94974722222223,2014-02-05,12:25:00,2014,2,date,0.66,8.1,,20.0,9.0,,,7.0e8,5.156,0.255,5.26,,"","","","",total_coliform_mpn
CY 2014 FEBRUARY,Marilao,5,Ibayo Bridge Brgy. Ibayo Marilao Bulacan,14.75435,120.95101111111111,2014-02-05,12:39:00,2014,2,date,0.69,7.92,,34.0,6.0,,,1.6e8,5.156,0.24,4.863,,"","","","",total_coliform_mpn
CY 2014 MARCH,Marilao,1,Marilao Caloocan Bridge DECA Homes Marilao Bulacan,14.779430555555557,121.02717777777778,2014-03-06,10:28:00,2014,3,date,2.64,8.52,,27.0,21.0,,,3.5e7,25.701,0.093,3.487,,"","","","",total_coliform_mpn
CY 2014 MARCH,Marilao,2,Prenza Dam Brgy. Prenza II Marilao Bulacan,14.781330555555556,120.99786666666667,2014-03-06,11:05:00,2014,3,date,2.8,8.4,,10.0,22.0,,,490000.0,24.28,0.096,4.003,,"","","","",""
CY 2014 MARCH,Marilao,3,"Expressway Bridge Brgy. Patubig Marilao, Bulacan",14.771083333333333,120.95876944444444,2014-03-06,11:43:00,2014,3,date,0.95,8.22,,12.0,16.0,,,490000.0,26.84,0.095,4.942,,"","","","",""
CY 2014 MARCH,Marilao,4,Tabing ilog Bridge Brgy. Tabing Ilog Marilao Bulacan,14.760644444444445,120.94974722222223,2014-03-06,12:20:00,2014,3,date,0.46,7.97,,30.0,24.0,,,4.9e6,30.487,0.056,4.969,,"","","","",""
CY 2014 MARCH,Marilao,5,Ibayo Bridge Brgy. Ibayo Marilao Bulacan,14.75435,120.95101111111111,2014-03-06,12:35:00,2014,3,date,0.51,8.02,,34.0,29.0,,,5.4e7,30.04,0.062,5.021,,"","","","",total_coliform_mpn
CY 2014 APRIL,Marilao,1,Marilao Caloocan Bridge DECA Homes Marilao Bulacan,14.779430555555557,121.02717777777778,2014-04-03,11:10:00,2014,4,date,2.2,8.2,,19.0,17.0,,,220000.0,39.424,0.175,1.909,,"","","","",""
CY 2014 APRIL,Marilao,2,Prenza Dam Brgy. Prenza II Marilao Bulacan,14.781330555555556,120.99786666666667,2014-04-03,12:10:00,2014,4,date,2.6,8.55,,3.0,12.0,,,47000.0,23.542,0.159,1.755,,"","","","",""
CY 2014 APRIL,Marilao,3,"Expressway Bridge Brgy. Patubig Marilao, Bulacan",14.771083333333333,120.95876944444444,2014-04-03,12:41:00,2014,4,date,0.56,7.98,,76.0,27.0,,,4.3e6,23.056,0.138,2.414,,"","","","",""
CY 2014 APRIL,Marilao,4,Tabing ilog Bridge Brgy. Tabing Ilog Marilao Bulacan,14.760644444444445,120.94974722222223,2014-04-03,13:20:00,2014,4,date,0.6,7.91,,70.0,17.0,,,4.0e6,32.322,0.068,2.364,,"","","","",""
CY 2014 APRIL,Marilao,5,Ibayo Bridge Brgy. Ibayo Marilao Bulacan,14.75435,120.95101111111111,2014-04-03,13:33:00,2014,4,date,0.25,7.97,,62.0,14.0,,,1.4e6,42.401,0.135,2.364,,"","","","",ammonia_mg_l
CY 2014 MAY,Marilao,1,Marilao Caloocan Bridge DECA Homes Marilao Bulacan,14.779430555555557,121.02717777777778,2014-05-07,10:07:00,2014,5,date,3.25,7.81,,22.0,6.0,,,3.5e6,45.008,0.353,2.881,,"","","","",ammonia_mg_l
CY 2014 MAY,Marilao,2,Prenza Dam Brgy. Prenza II Marilao Bulacan,14.781330555555556,120.99786666666667,2014-05-07,10:45:00,2014,5,date,3.4,7.8,,19.0,13.0,,,790000.0,46.153,0.213,3.301,,"","","","",ammonia_mg_l
CY 2014 MAY,Marilao,3,"Expressway Bridge Brgy. Patubig Marilao, Bulacan",14.771083333333333,120.95876944444444,2014-05-07,11:25:00,2014,5,date,0.25,7.49,,29.0,9.0,,,4.6e6,17.168,0.198,4.08,,"","","","",""
CY 2014 MAY,Marilao,4,Tabing ilog Bridge Brgy. Tabing Ilog Marilao Bulacan,14.760644444444445,120.94974722222223,2014-05-07,12:09:00,2014,5,date,0.15,7.45,,72.0,14.0,,,5.4e7,14.29,0.214,4.228,,"","","","",total_coliform_mpn
CY 2014 MAY,Marilao,5,Ibayo Bridge Brgy. Ibayo Marilao Bulacan,14.75435,120.95101111111111,2014-05-07,12:27:00,2014,5,date,0.15,7.5,,61.0,19.0,,,5.4e6,22.682,0.233,3.911,,"","","","",""
CY 2014 JUNE,Marilao,1,Marilao Caloocan Bridge DECA Homes Marilao Bulacan,14.779430555555557,121.02717777777778,2014-06-04,10:40:00,2014,6,date,3.1,8.42,,6.0,8.0,,,9.2e6,11.248,0.196,1.249,,"","","","",""
CY 2014 JUNE,Marilao,2,Prenza Dam Brgy. Prenza II Marilao Bulacan,14.781330555555556,120.99786666666667,2014-06-04,11:25:00,2014,6,date,3.2,7.76,,2.0,7.0,,,490000.0,6.772,0.159,0.79,,"","","","",""
CY 2014 JUNE,Marilao,3,"Expressway Bridge Brgy. Patubig Marilao, Bulacan",14.771083333333333,120.95876944444444,2014-06-04,11:53:00,2014,6,date,0.37,7.57,,16.0,12.0,,,3.5e6,11.948,0.429,1.542,,"","","","",""
CY 2014 JUNE,Marilao,4,Tabing ilog Bridge Brgy. Tabing Ilog Marilao Bulacan,14.760644444444445,120.94974722222223,2014-06-04,12:20:00,2014,6,date,0.29,7.52,,6.0,14.0,,,5.4e6,13.115,0.324,1.564,,"","","","",""
CY 2014 JUNE,Marilao,5,Ibayo Bridge Brgy. Ibayo Marilao Bulacan,14.75435,120.95101111111111,2014-06-04,12:41:00,2014,6,date,0.32,7.41,,10.0,7.0,,,5.4e6,14.19,0.334,1.457,,"","","","",""
CY 2014 JULY,Marilao,1,Marilao Caloocan Bridge DECA Homes Marilao Bulacan,14.779430555555557,121.02717777777778,2014-07-02,10:40:00,2014,7,date,2.1,7.88,,11.0,7.0,,,5.4e6,17.972,0.191,2.269,,"","","","",""
CY 2014 JULY,Marilao,2,Prenza Dam Brgy. Prenza II Marilao Bulacan,14.781330555555556,120.99786666666667,2014-07-02,11:05:00,2014,7,date,2.2,7.75,,12.0,8.0,,,1.1e7,26.533,0.15,2.145,,"","","","",""
CY 2014 JULY,Marilao,3,"Expressway Bridge Brgy. Patubig Marilao, Bulacan",14.771083333333333,120.95876944444444,2014-07-02,11:43:00,2014,7,date,1.1,7.54,,18.0,8.0,,,1.7e6,25.61,0.146,2.135,,"","","","",""
CY 2014 JULY,Marilao,4,Tabing ilog Bridge Brgy. Tabing Ilog Marilao Bulacan,14.760644444444445,120.94974722222223,2014-07-02,12:09:00,2014,7,date,0.29,7.69,,25.0,11.0,,,1.6e7,23.153,0.147,2.068,,"","","","",""
CY 2014 JULY,Marilao,5,Ibayo Bridge Brgy. Ibayo Marilao Bulacan,14.75435,120.95101111111111,2014-07-02,12:25:00,2014,7,date,0.11,7.6,,27.0,9.0,,,5.4e6,15.713,0.144,2.005,,"","","","",""
CY 2014 AUGUST,Marilao,1,Marilao Caloocan Bridge DECA Homes Marilao Bulacan,14.779430555555557,121.02717777777778,2014-08-07,11:03:00,2014,8,date,2.5,7.97,,5.0,9.0,,,330000.0,10.978,1.223,1.865,,"","","","",nitrates_mg_l
CY 2014 AUGUST,Marilao,2,Prenza Dam Brgy. Prenza II Marilao Bulacan,14.781330555555556,120.99786666666667,2014-08-07,11:28:00,2014,8,date,3.2,7.68,,4.0,28.0,,,330000.0,7.474,1.496,1.764,,"","","","",nitrates_mg_l
CY 2014 AUGUST,Marilao,3,"Expressway Bridge Brgy. Patubig Marilao, Bulacan",14.771083333333333,120.95876944444444,2014-08-07,11:52:00,2014,8,date,0.26,7.31,,25.0,10.0,,,790000.0,10.237,1.052,2.056,,"","","","",nitrates_mg_l
CY 2014 AUGUST,Marilao,4,Tabing ilog Bridge Brgy. Tabing Ilog Marilao Bulacan,14.760644444444445,120.94974722222223,2014-08-07,12:15:00,2014,8,date,0.37,7.62,,27.0,17.0,,,330000.0,9.838,0.893,2.095,,"","","","",nitrates_mg_l
CY 2014 AUGUST,Marilao,5,Ibayo Bridge Brgy. Ibayo Marilao Bulacan,14.75435,120.95101111111111,2014-08-07,12:30:00,2014,8,date,0.3,7.61,,25.0,21.0,,,490000.0,11.819,1.038,2.272,,"","","","",nitrates_mg_l
CY 2014 SEPTEMBER,Marilao,1,Marilao Caloocan Bridge DECA Homes Marilao Bulacan,14.779430555555557,121.02717777777778,2014-09-03,11:50:00,2014,9,date,3.2,8.1,,7.0,9.0,,,920000.0,10.042,0.763,0.113,,"","","","",nitrates_mg_l
CY 2014 SEPTEMBER,Marilao,2,Prenza Dam Brgy. Prenza II Marilao Bulacan,14.781330555555556,120.99786666666667,2014-09-03,12:15:00,2014,9,date,3.1,7.9,,7.0,12.0,,,350000.0,6.969,0.74,0.125,,"","","","",nitrates_mg_l
CY 2014 SEPTEMBER,Marilao,3,"Expressway Bridge Brgy. Patubig Marilao, Bulacan",14.771083333333333,120.95876944444444,2014-09-03,12:40:00,2014,9,date,0.58,7.81,,11.0,11.0,,,350000.0,20.412,0.851,0.169,,"","","","",nitrates_mg_l
CY 2014 SEPTEMBER,Marilao,4,Tabing ilog Bridge Brgy. Tabing Ilog Marilao Bulacan,14.760644444444445,120.94974722222223,2014-09-03,13:09:00,2014,9,date,0.73,7.53,,21.0,11.0,,,350000.0,10.979,0.9,0.173,,"","","","",nitrates_mg_l
CY 2014 SEPTEMBER,Marilao,5,Ibayo Bridge Brgy. Ibayo Marilao Bulacan,14.75435,120.95101111111111,2014-09-03,13:30:00,2014,9,date,0.92,7.9,,12.0,14.0,,,170000.0,18.603,0.99,0.163,,"","","","",nitrates_mg_l
CY 2014 OCTOBER,Marilao,1,Marilao Caloocan Bridge DECA Homes Marilao Bulacan,14.779430555555557,121.02717777777778,2014-10-16,11:01:00,2014,10,date,3.8,7.89,,8.0,26.0,,,2.4e6,11.25,1.656,0.764,,"","","","",nitrates_mg_l
CY 2014 OCTOBER,Marilao,2,Prenza Dam Brgy. Prenza II Marilao Bulacan,14.781330555555556,120.99786666666667,2014-10-16,11:30:00,2014,10,date,3.52,7.73,,7.0,10.0,,,350000.0,13.441,1.194,0.906,,"","","","",nitrates_mg_l
CY 2014 OCTOBER,Marilao,3,"Expressway Bridge Brgy. Patubig Marilao, Bulacan",14.771083333333333,120.95876944444444,2014-10-16,11:55:00,2014,10,date,2.3,7.91,,7.0,23.0,,,210000.0,16.879,0.865,0.999,,"","","","",nitrates_mg_l
CY 2014 OCTOBER,Marilao,4,Tabing ilog Bridge Brgy. Tabing Ilog Marilao Bulacan,14.760644444444445,120.94974722222223,2014-10-16,12:16:00,2014,10,date,2.5,7.79,,7.0,30.0,,,240000.0,17.223,1.065,0.591,,"","","","",nitrates_mg_l
CY 2014 OCTOBER,Marilao,5,Ibayo Bridge Brgy. Ibayo Marilao Bulacan,14.75435,120.95101111111111,2014-10-16,12:39:00,2014,10,date,2.9,7.78,,7.0,35.0,,,540000.0,10.863,1.191,0.888,,"","","","",nitrates_mg_l
CY 2014 NOVEMBER,Marilao,1,Marilao Caloocan Bridge DECA Homes Marilao Bulacan,14.779430555555557,121.02717777777778,2014-11-12,10:45:00,2014,11,date,2.94,8.09,,23.0,9.0,,,1.7e6,20.374,0.384,3.115,,"","","","",""
CY 2014 NOVEMBER,Marilao,2,Prenza Dam Brgy. Prenza II Marilao Bulacan,14.781330555555556,120.99786666666667,2014-11-12,11:08:00,2014,11,date,2.57,7.97,,31.0,11.0,,,5.4e6,23.544,0.476,2.958,,"","","","",""
CY 2014 NOVEMBER,Marilao,3,"Expressway Bridge Brgy. Patubig Marilao, Bulacan",14.771083333333333,120.95876944444444,2014-11-12,11:38:00,2014,11,date,0.1,7.59,,42.0,14.0,,,920000.0,22.511,0.706,3.881,,"","","","",nitrates_mg_l
CY 2014 NOVEMBER,Marilao,4,Tabing ilog Bridge Brgy. Tabing Ilog Marilao Bulacan,14.760644444444445,120.94974722222223,2014-11-12,12:01:00,2014,11,date,0.06,7.72,,36.0,11.0,,,3.5e6,21.893,0.385,3.966,,"","","","",""
CY 2014 NOVEMBER,Marilao,5,Ibayo Bridge Brgy. Ibayo Marilao Bulacan,14.75435,120.95101111111111,2014-11-12,12:17:00,2014,11,date,0.03,7.77,,42.0,13.0,,,2.4e6,17.407,0.616,3.682,,"","","","",""
CY 2014 DECEMBER,Marilao,1,Marilao Caloocan Bridge DECA Homes Marilao Bulacan,14.779430555555557,121.02717777777778,2014-12-04,10:01:00,2014,12,date,2.41,7.78,,17.0,15.0,,,3.5e6,22.302,0.048,2.548,,nitrates_mg_l,"","","",""
CY 2014 DECEMBER,Marilao,2,Prenza Dam Brgy. Prenza II Marilao Bulacan,14.781330555555556,120.99786666666667,2014-12-04,10:22:00,2014,12,date,1.6,7.77,,13.0,12.0,,,3.5e6,22.705,0.048,2.867,,nitrates_mg_l,"","","",""
CY 2014 DECEMBER,Marilao,3,"Expressway Bridge Brgy. Patubig Marilao, Bulacan",14.771083333333333,120.95876944444444,2014-12-04,10:51:00,2014,12,date,0.37,7.82,,36.0,14.0,,,5.4e6,27.358,0.048,3.631,,nitrates_mg_l,"","","",""
CY 2014 DECEMBER,Marilao,4,Tabing ilog Bridge Brgy. Tabing Ilog Marilao Bulacan,14.760644444444445,120.94974722222223,2014-12-04,11:24:00,2014,12,date,0.15,7.84,,42.0,11.0,,,3.5e6,29.656,0.048,4.287,,nitrates_mg_l,"","","",""
CY 2014 DECEMBER,Marilao,5,Ibayo Bridge Brgy. Ibayo Marilao Bulacan,14.75435,120.95101111111111,2014-12-04,11:43:00,2014,12,date,0.1,7.79,,35.0,16.0,,,3.5e6,27.89,0.048,3.637,,nitrates_mg_l,"","","",""
CY 2015 JANUARY,Marilao,1,Marilao Caloocan Bridge DECA Homes Marilao Bulacan,14.779430555555557,121.02717777777778,2015-01-14,11:58:00,2015,1,date,2.61,7.86,,25.0,14.0,,,5.4e6,24.859,0.048,2.11,,nitrates_mg_l,"","","",""
CY 2015 JANUARY,Marilao,2,Prenza Dam Brgy. Prenza II Marilao Bulacan,14.781330555555556,120.99786666666667,2015-01-14,12:21:00,2015,1,date,2.9,7.83,,25.0,13.0,,,3.5e6,27.823,0.048,2.018,,nitrates_mg_l,"","","",""
CY 2015 JANUARY,Marilao,3,"Expressway Bridge Brgy. Patubig Marilao, Bulacan",14.771083333333333,120.95876944444444,2015-01-14,12:53:00,2015,1,date,0.53,7.71,,39.0,16.0,,,1.1e6,28.775,0.048,3.337,,nitrates_mg_l,"","","",""
CY 2015 JANUARY,Marilao,4,Tabing ilog Bridge Brgy. Tabing Ilog Marilao Bulacan,14.760644444444445,120.94974722222223,2015-01-14,13:21:00,2015,1,date,0.81,7.72,,32.0,13.0,,,2.2e6,30.51,0.048,3.155,,nitrates_mg_l,"","","",""
CY 2015 JANUARY,Marilao,5,Ibayo Bridge Brgy. Ibayo Marilao Bulacan,14.75435,120.95101111111111,2015-01-14,13:40:00,2015,1,date,0.61,7.7,,35.0,10.0,,,5.4e6,28.963,0.048,3.14,,nitrates_mg_l,"","","",""
CY 2015 FEBRUARY,Marilao,1,Marilao Caloocan Bridge DECA Homes Marilao Bulacan,14.779430555555557,121.02717777777778,2015-02-26,11:03:00,2015,2,date,3.21,7.9,,31.0,14.0,,,1.6e7,31.429,0.093,4.543,,"","","","",""
CY 2015 FEBRUARY,Marilao,2,Prenza Dam Brgy. Prenza II Marilao Bulacan,14.781330555555556,120.99786666666667,2015-02-26,11:27:00,2015,2,date,3.49,7.73,,27.0,12.0,,,3.5e6,32.272,0.166,4.506,,"","","","",""
CY 2015 FEBRUARY,Marilao,3,"Expressway Bridge Brgy. Patubig Marilao, Bulacan",14.771083333333333,120.95876944444444,2015-02-26,11:50:00,2015,2,date,0.24,7.71,,33.0,14.0,,,3.5e6,28.09,0.156,5.535,,"","","","",""
CY 2015 FEBRUARY,Marilao,4,Tabing ilog Bridge Brgy. Tabing Ilog Marilao Bulacan,14.760644444444445,120.94974722222223,2015-02-26,12:12:00,2015,2,date,0.1,7.67,,51.0,12.0,,,1.6e7,35.385,0.145,5.22,,"","","","",""
CY 2015 FEBRUARY,Marilao,5,Ibayo Bridge Brgy. Ibayo Marilao Bulacan,14.75435,120.95101111111111,2015-02-26,12:33:00,2015,2,date,0.12,7.34,,39.0,11.0,,,9.2e6,29.015,0.146,5.194,,"","","","",""
CY 2015 MARCH,Marilao,1,Marilao Caloocan Bridge DECA Homes Marilao Bulacan,14.779430555555557,121.02717777777778,2015-03-19,12:31:00,2015,3,date,1.8,8.19,,21.0,9.0,,,5.4e6,31.045,0.53,2.11,,"","","","",""
CY 2015 MARCH,Marilao,2,Prenza Dam Brgy. Prenza II Marilao Bulacan,14.781330555555556,120.99786666666667,2015-03-19,12:53:00,2015,3,date,2.1,8.16,,20.0,12.0,,,9.2e6,29.895,0.581,1.58,,"","","","",""
CY 2015 MARCH,Marilao,3,"Expressway Bridge Brgy. Patubig Marilao, Bulacan",14.771083333333333,120.95876944444444,2015-03-19,13:15:00,2015,3,date,0.51,7.78,,43.0,20.0,,,3.5e6,28.709,0.271,3.631,,"","","","",""
CY 2015 MARCH,Marilao,4,Tabing ilog Bridge Brgy. Tabing Ilog Marilao Bulacan,14.760644444444445,120.94974722222223,2015-03-19,13:36:00,2015,3,date,0.6,7.81,,55.0,15.0,,,5.4e6,31.649,0.271,3.452,,"","","","",""
CY 2015 MARCH,Marilao,5,Ibayo Bridge Brgy. Ibayo Marilao Bulacan,14.75435,120.95101111111111,2015-03-19,13:52:00,2015,3,date,0.54,7.84,,39.0,11.0,,,9.2e6,26.92,0.27,3.423,,"","","","",""
CY 2015 APRIL,Marilao,1,Marilao Caloocan Bridge DECA Homes Marilao Bulacan,14.779430555555557,121.02717777777778,2015-04-23,11:01:00,2015,4,date,1.72,8.01,,48.0,41.0,,,3.5e6,27.647,0.439,2.654,,"","","","",""
CY 2015 APRIL,Marilao,2,Prenza Dam Brgy. Prenza II Marilao Bulacan,14.781330555555556,120.99786666666667,2015-04-23,11:25:00,2015,4,date,2.15,7.94,,23.0,24.0,,,2.4e6,23.973,0.42,3.021,,"","","","",""
CY 2015 APRIL,Marilao,3,"Expressway Bridge Brgy. Patubig Marilao, Bulacan",14.771083333333333,120.95876944444444,2015-04-23,11:50:00,2015,4,date,0.4,7.79,,59.0,45.0,,,5.4e6,33.045,0.289,3.877,,"","","","",""
CY 2015 APRIL,Marilao,4,Tabing ilog Bridge Brgy. Tabing Ilog Marilao Bulacan,14.760644444444445,120.94974722222223,2015-04-23,12:19:00,2015,4,date,0.35,7.82,,44.0,35.0,,,3.5e6,23.288,0.623,4.068,,"","","","",""
CY 2015 APRIL,Marilao,5,Ibayo Bridge Brgy. Ibayo Marilao Bulacan,14.75435,120.95101111111111,2015-04-23,12:40:00,2015,4,date,0.25,7.81,,58.0,52.0,,,3.5e6,32.36,0.298,3.893,,"","","","",""
CY 2015 MAY,Marilao,1,Marilao Caloocan Bridge DECA Homes Marilao Bulacan,14.779430555555557,121.02717777777778,2015-05-14,11:05:00,2015,5,date,3.02,7.11,,36.0,39.0,,,1.6e7,14.546,0.398,2.371,,"","","","",""
CY 2015 MAY,Marilao,2,Prenza Dam Brgy. Prenza II Marilao Bulacan,14.781330555555556,120.99786666666667,2015-05-14,11:26:00,2015,5,date,2.41,6.92,,29.0,26.0,,,3.5e6,14.08,0.395,2.35,,"","","","",""
CY 2015 MAY,Marilao,3,"Expressway Bridge Brgy. Patubig Marilao, Bulacan",14.771083333333333,120.95876944444444,2015-05-14,11:48:00,2015,5,date,0.15,6.8,,61.0,54.0,,,3.5e6,21.763,0.41,3.805,,"","","","",""
CY 2015 MAY,Marilao,4,Tabing ilog Bridge Brgy. Tabing Ilog Marilao Bulacan,14.760644444444445,120.94974722222223,2015-05-14,12:17:00,2015,5,date,0.14,6.81,,111.0,81.0,,,1.6e7,20.226,0.32,3.623,,"","","","",tss_mg_l
CY 2015 MAY,Marilao,5,Ibayo Bridge Brgy. Ibayo Marilao Bulacan,14.75435,120.95101111111111,2015-05-14,12:37:00,2015,5,date,0.1,6.8,,86.0,52.0,,,3.5e6,23.279,0.26,3.832,,"","","","",""
CY 2015 JUNE,Marilao,1,Marilao Caloocan Bridge DECA Homes Marilao Bulacan,14.779430555555557,121.02717777777778,2015-06-04,10:48:00,2015,6,date,2.2,7.17,,26.0,22.0,,,1.6e7,61.906,0.048,4.565,,nitrates_mg_l,"","","",ammonia_mg_l
CY 2015 JUNE,Marilao,2,Prenza Dam Brgy. Prenza II Marilao Bulacan,14.781330555555556,120.99786666666667,2015-06-04,11:12:00,2015,6,date,2.6,7.1,,33.0,26.0,,,1.6e8,59.489,0.048,4.631,,nitrates_mg_l,"","","",total_coliform_mpn;ammonia_mg_l
CY 2015 JUNE,Marilao,3,"Expressway Bridge Brgy. Patubig Marilao, Bulacan",14.771083333333333,120.95876944444444,2015-06-04,11:40:00,2015,6,date,0.512,7.22,,43.0,29.0,,,5.4e6,27.715,0.26,6.315,,"","","","",phosphates_mg_l
CY 2015 JUNE,Marilao,4,Tabing ilog Bridge Brgy. Tabing Ilog Marilao Bulacan,14.760644444444445,120.94974722222223,2015-06-04,12:01:00,2015,6,date,0.45,7.05,,51.0,43.0,,,3.5e6,27.933,0.511,6.687,,"","","","",phosphates_mg_l
CY 2015 JUNE,Marilao,5,Ibayo Bridge Brgy. Ibayo Marilao Bulacan,14.75435,120.95101111111111,2015-06-04,12:15:00,2015,6,date,0.3,7.12,,46.0,42.0,,,1.6e7,22.29,0.142,5.412,,"","","","",""
CY 2015 JULY,Marilao,1,Marilao Caloocan Bridge DECA Homes Marilao Bulacan,14.779430555555557,121.02717777777778,2015-07-23,11:05:00,2015,7,date,3.2,7.82,,11.0,26.0,,,9.2e6,10.839,0.629,0.916,,"","","","",""
CY 2015 JULY,Marilao,2,Prenza Dam Brgy. Prenza II Marilao Bulacan,14.781330555555556,120.99786666666667,2015-07-23,11:31:00,2015,7,date,2.3,7.8,,10.0,30.0,,,5.4e6,11.286,0.752,1.011,,"","","","",nitrates_mg_l
CY 2015 JULY,Marilao,3,"Expressway Bridge Brgy. Patubig Marilao, Bulacan",14.771083333333333,120.95876944444444,2015-07-23,12:05:00,2015,7,date,0.76,7.81,,37.0,33.0,,,9.2e6,11.267,0.051,1.322,,"","","","",""
CY 2015 JULY,Marilao,4,Tabing ilog Bridge Brgy. Tabing Ilog Marilao Bulacan,14.760644444444445,120.94974722222223,2015-07-23,12:30:00,2015,7,date,0.61,7.91,,32.0,33.0,,,1.6e7,7.654,0.137,1.222,,"","","","",""
CY 2015 JULY,Marilao,5,Ibayo Bridge Brgy. Ibayo Marilao Bulacan,14.75435,120.95101111111111,2015-07-23,12:49:00,2015,7,date,0.35,7.77,,22.0,31.0,,,3.5e7,11.273,0.074,1.1,,"","","","",total_coliform_mpn
CY 2015 AUGUST,Marilao,1,Marilao Caloocan Bridge DECA Homes Marilao Bulacan,14.779430555555557,121.02717777777778,2015-08-19,13:15:00,2015,8,date,3.2,7.62,,22.0,22.0,,,3.5e6,8.996,0.109,1.403,,"","","","",""
CY 2015 AUGUST,Marilao,2,Prenza Dam Brgy. Prenza II Marilao Bulacan,14.781330555555556,120.99786666666667,2015-08-19,13:36:00,2015,8,date,3.01,7.42,,33.0,28.0,,,3.5e6,7.805,0.132,1.417,,"","","","",""
CY 2015 AUGUST,Marilao,3,"Expressway Bridge Brgy. Patubig Marilao, Bulacan",14.771083333333333,120.95876944444444,2015-08-19,13:56:00,2015,8,date,1.4,7.49,,50.0,44.0,,,9.2e6,11.279,0.165,4.514,,"","","","",""
CY 2015 AUGUST,Marilao,4,Tabing ilog Bridge Brgy. Tabing Ilog Marilao Bulacan,14.760644444444445,120.94974722222223,2015-08-19,14:25:00,2015,8,date,1.55,6.96,,66.0,54.0,,,2.2e6,8.783,0.157,2.545,,"","","","",""
CY 2015 AUGUST,Marilao,5,Ibayo Bridge Brgy. Ibayo Marilao Bulacan,14.75435,120.95101111111111,2015-08-19,14:46:00,2015,8,date,1.45,6.92,,24.0,24.0,,,2.4e6,7.081,0.214,1.97,,"","","","",""
CY 2015 SEPTEMBER,Marilao,1,Marilao Caloocan Bridge DECA Homes Marilao Bulacan,14.779430555555557,121.02717777777778,2015-09-09,10:51:00,2015,9,date,3.45,7.18,,16.0,22.0,,,3.5e6,6.966,1.013,1.091,,"","","","",nitrates_mg_l
CY 2015 SEPTEMBER,Marilao,2,Prenza Dam Brgy. Prenza II Marilao Bulacan,14.781330555555556,120.99786666666667,2015-09-09,11:15:00,2015,9,date,3.6,7.09,,9.0,31.0,,,5.4e6,5.821,1.338,1.02,,"","","","",nitrates_mg_l
CY 2015 SEPTEMBER,Marilao,3,"Expressway Bridge Brgy. Patubig Marilao, Bulacan",14.771083333333333,120.95876944444444,2015-09-09,11:37:00,2015,9,date,2.15,6.95,,11.0,36.0,,,540000.0,3.189,1.658,0.897,,"","","","",nitrates_mg_l
CY 2015 SEPTEMBER,Marilao,4,Tabing ilog Bridge Brgy. Tabing Ilog Marilao Bulacan,14.760644444444445,120.94974722222223,2015-09-09,11:58:00,2015,9,date,2.18,6.98,,19.0,44.0,,,240000.0,3.252,1.664,0.983,,"","","","",nitrates_mg_l
CY 2015 SEPTEMBER,Marilao,5,Ibayo Bridge Brgy. Ibayo Marilao Bulacan,14.75435,120.95101111111111,2015-09-09,12:19:00,2015,9,date,2.09,6.97,,12.0,48.0,,,1.6e6,3.007,1.737,0.906,,"","","","",nitrates_mg_l
CY 2015 OCTOBER,Marilao,1,Marilao Caloocan Bridge DECA Homes Marilao Bulacan,14.779430555555557,121.02717777777778,2015-10-15,10:01:00,2015,10,date,2.8,8.25,,23.0,3.0,,,1.6e8,16.47,0.048,1.759,,nitrates_mg_l,"","","",total_coliform_mpn
CY 2015 OCTOBER,Marilao,2,Prenza Dam Brgy. Prenza II Marilao Bulacan,14.781330555555556,120.99786666666667,2015-10-15,10:25:00,2015,10,date,2.6,8.13,,9.0,6.0,,,1.6e6,12.45,0.101,1.621,,"","","","",""
CY 2015 OCTOBER,Marilao,3,"Expressway Bridge Brgy. Patubig Marilao, Bulacan",14.771083333333333,120.95876944444444,2015-10-15,10:48:00,2015,10,date,0.57,7.77,,13.0,4.0,,,3.5e6,11.904,0.048,1.529,,nitrates_mg_l,"","","",""
CY 2015 OCTOBER,Marilao,4,Tabing ilog Bridge Brgy. Tabing Ilog Marilao Bulacan,14.760644444444445,120.94974722222223,2015-10-15,11:12:00,2015,10,date,0.29,7.6,,23.0,6.0,,,1.6e7,12.598,0.051,1.842,,"","","","",""
CY 2015 OCTOBER,Marilao,5,Ibayo Bridge Brgy. Ibayo Marilao Bulacan,14.75435,120.95101111111111,2015-10-15,11:30:00,2015,10,date,0.2,7.74,,19.0,5.0,,,3.5e6,14.149,0.061,1.784,,"","","","",""
CY 2015 NOVEMBER,Marilao,1,Marilao Caloocan Bridge DECA Homes Marilao Bulacan,14.779430555555557,121.02717777777778,2015-11-05,10:45:00,2015,11,date,2.3,7.99,,17.0,8.0,,,3.5e6,18.175,0.266,2.125,,"","","","",""
CY 2015 NOVEMBER,Marilao,2,Prenza Dam Brgy. Prenza II Marilao Bulacan,14.781330555555556,120.99786666666667,2015-11-05,11:09:00,2015,11,date,2.7,7.3,,18.0,7.0,,,3.5e6,16.817,0.117,2.091,,"","","","",""
CY 2015 NOVEMBER,Marilao,3,"Expressway Bridge Brgy. Patubig Marilao, Bulacan",14.771083333333333,120.95876944444444,2015-11-05,11:30:00,2015,11,date,0.79,7.57,,116.0,7.0,,,1.6e6,20.781,0.095,2.637,,"","","","",""
CY 2015 NOVEMBER,Marilao,4,Tabing ilog Bridge Brgy. Tabing Ilog Marilao Bulacan,14.760644444444445,120.94974722222223,2015-11-05,11:52:00,2015,11,date,0.43,7.62,,27.0,6.0,,,3.5e6,25.294,0.149,2.677,,"","","","",""
CY 2015 NOVEMBER,Marilao,5,Ibayo Bridge Brgy. Ibayo Marilao Bulacan,14.75435,120.95101111111111,2015-11-05,12:10:00,2015,11,date,0.23,7.8,,29.0,10.0,,,1.6e6,23.184,0.14,2.614,,"","","","",""
CY 2015 DECEMBER,Marilao,1,Marilao Caloocan Bridge DECA Homes Marilao Bulacan,14.779430555555557,121.02717777777778,2015-12-02,10:40:00,2015,12,date,2.35,8.27,,29.0,12.0,,,9.2e6,24.029,0.184,2.434,,"","","","",""
CY 2015 DECEMBER,Marilao,2,Prenza Dam Brgy. Prenza II Marilao Bulacan,14.781330555555556,120.99786666666667,2015-12-02,10:59:00,2015,12,date,1.67,8.17,,24.0,8.0,,,3.5e6,25.356,0.076,2.225,,"","","","",""
CY 2015 DECEMBER,Marilao,3,"Expressway Bridge Brgy. Patubig Marilao, Bulacan",14.771083333333333,120.95876944444444,2015-12-02,11:21:00,2015,12,date,0.58,7.45,,38.0,17.0,,,3.5e6,31.721,0.048,3.939,,nitrates_mg_l,"","","",""
CY 2015 DECEMBER,Marilao,4,Tabing ilog Bridge Brgy. Tabing Ilog Marilao Bulacan,14.760644444444445,120.94974722222223,2015-12-02,11:55:00,2015,12,date,0.42,7.67,,36.0,17.0,,,5.4e6,33.087,0.048,3.857,,nitrates_mg_l,"","","",""
CY 2015 DECEMBER,Marilao,5,Ibayo Bridge Brgy. Ibayo Marilao Bulacan,14.75435,120.95101111111111,2015-12-02,12:15:00,2015,12,date,0.26,7.61,,26.0,14.0,,,3.5e6,32.705,0.048,3.899,,nitrates_mg_l,"","","",""
CY 2016 JANUARY,Marilao,1,Marilao Caloocan Bridge DECA Homes Marilao Bulacan,14.779430555555557,121.02717777777778,2016-01-21,10:49:00,2016,1,date,2.71,8.35,,28.0,17.0,,,2.4e6,20.367,0.186,1.503,,"","","","",""
CY 2016 JANUARY,Marilao,2,Prenza Dam Brgy. Prenza II Marilao Bulacan,14.781330555555556,120.99786666666667,2016-01-21,11:08:00,2016,1,date,2.91,8.33,,25.0,16.0,,,5.4e6,16.622,0.209,3.049,,"","","","",""
CY 2016 JANUARY,Marilao,3,"Expressway Bridge Brgy. Patubig Marilao, Bulacan",14.771083333333333,120.95876944444444,2016-01-21,11:35:00,2016,1,date,0.39,7.77,,33.0,18.0,,,5.4e6,30.258,0.05,3.338,,"","","","",""
CY 2016 JANUARY,Marilao,4,Tabing ilog Bridge Brgy. Tabing Ilog Marilao Bulacan,14.760644444444445,120.94974722222223,2016-01-21,12:02:00,2016,1,date,0.21,7.88,,75.0,17.0,,,3.1e6,27.73,0.048,3.475,,nitrates_mg_l,"","","",""
CY 2016 JANUARY,Marilao,5,Ibayo Bridge Brgy. Ibayo Marilao Bulacan,14.75435,120.95101111111111,2016-01-21,12:20:00,2016,1,date,0.18,8.02,,33.0,17.0,,,2.4e6,25.885,0.098,3.685,,"","","","",""
CY 2016 FEBRUARY,Marilao,1,Marilao Caloocan Bridge DECA Homes Marilao Bulacan,14.779430555555557,121.02717777777778,2016-02-18,10:49:00,2016,2,date,2.41,8.31,,26.0,4.0,,,1.6e7,24.298,0.311,2.523,,"","","","",""
CY 2016 FEBRUARY,Marilao,2,Prenza Dam Brgy. Prenza II Marilao Bulacan,14.781330555555556,120.99786666666667,2016-02-18,11:08:00,2016,2,date,2.52,8.37,,23.0,7.0,,,5.4e6,23.384,0.613,2.576,,"","","","",""
CY 2016 FEBRUARY,Marilao,3,"Expressway Bridge Brgy. Patubig Marilao, Bulacan",14.771083333333333,120.95876944444444,2016-02-18,11:35:00,2016,2,date,0.98,8.11,,40.0,9.0,,,9.2e6,26.907,0.203,4.25,,"","","","",""
CY 2016 FEBRUARY,Marilao,4,Tabing ilog Bridge Brgy. Tabing Ilog Marilao Bulacan,14.760644444444445,120.94974722222223,2016-02-18,12:02:00,2016,2,date,0.76,8.21,,41.0,8.0,,,5.4e6,28.632,0.048,4.125,,nitrates_mg_l,"","","",""
CY 2016 FEBRUARY,Marilao,5,Ibayo Bridge Brgy. Ibayo Marilao Bulacan,14.75435,120.95101111111111,2016-02-18,12:20:00,2016,2,date,0.51,8.13,,36.0,10.0,,,5.4e6,31.974,0.048,4.32,,nitrates_mg_l,"","","",""
CY 2016 MARCH,Marilao,1,Marilao Caloocan Bridge DECA Homes Marilao Bulacan,14.779430555555557,121.02717777777778,2016-03-09,12:18:00,2016,3,date,2.52,6.95,,40.0,4.0,,,9.2e6,34.531,0.177,2.225,,"","","","",""
CY 2016 MARCH,Marilao,2,Prenza Dam Brgy. Prenza II Marilao Bulacan,14.781330555555556,120.99786666666667,2016-03-09,12:39:00,2016,3,date,2.19,6.89,,31.0,4.0,,,1.6e7,28.282,0.274,2.272,,"","","","",""
CY 2016 MARCH,Marilao,3,"Expressway Bridge Brgy. Patubig Marilao, Bulacan",14.771083333333333,120.95876944444444,2016-03-09,12:59:00,2016,3,date,0.85,7.35,,53.0,9.0,,,3.5e7,32.207,0.142,3.614,,"","","","",total_coliform_mpn
CY 2016 MARCH,Marilao,4,Tabing ilog Bridge Brgy. Tabing Ilog Marilao Bulacan,14.760644444444445,120.94974722222223,2016-03-09,13:18:00,2016,3,date,0.8,6.9,,52.0,7.0,,,1.6e7,31.541,0.066,3.447,,"",total_coliform_mpn,"","",""
CY 2016 MARCH,Marilao,5,Ibayo Bridge Brgy. Ibayo Marilao Bulacan,14.75435,120.95101111111111,2016-03-09,13:39:00,2016,3,date,0.82,6.95,,37.0,7.0,,,5.4e6,29.35,0.143,3.347,,"","","","",""
CY 2016 APRIL,Marilao,1,Marilao Caloocan Bridge DECA Homes Marilao Bulacan,14.779430555555557,121.02717777777778,2016-04-07,23:15:00,2016,4,date,3.15,7.37,,45.0,17.0,,,9.2e6,17.06,0.303,2.567,,"","","","",""
CY 2016 APRIL,Marilao,2,Prenza Dam Brgy. Prenza II Marilao Bulacan,14.781330555555556,120.99786666666667,2016-04-07,11:46:00,2016,4,date,3.01,7.45,,72.0,18.0,,,1.6e7,22.99,0.377,2.701,,"","","","",""
CY 2016 APRIL,Marilao,3,"Expressway Bridge Brgy. Patubig Marilao, Bulacan",14.771083333333333,120.95876944444444,2016-04-07,12:16:00,2016,4,date,0.81,6.91,,221.0,57.0,,,3.5e7,21.911,0.048,3.066,,nitrates_mg_l,"","","",bod_mg_l;total_coliform_mpn
CY 2016 APRIL,Marilao,4,Tabing ilog Bridge Brgy. Tabing Ilog Marilao Bulacan,14.760644444444445,120.94974722222223,2016-04-07,12:40:00,2016,4,date,0.85,7.28,,106.0,22.0,,,1.7e7,28.307,0.077,4.35,,"","","","",""
CY 2016 APRIL,Marilao,5,Ibayo Bridge Brgy. Ibayo Marilao Bulacan,14.75435,120.95101111111111,2016-04-07,12:59:00,2016,4,date,0.79,7.37,,102.0,14.0,,,4.6e6,30.589,0.069,4.758,,"","","","",""
CY 2016 MAY,Marilao,1,Marilao Caloocan Bridge DECA Homes Marilao Bulacan,14.779430555555557,121.02717777777778,2016-05-05,10:40:00,2016,5,date,3.5,7.84,,55.0,24.0,,,1.6e7,16.359,0.291,2.976,,"","","","",""
CY 2016 MAY,Marilao,2,Prenza Dam Brgy. Prenza II Marilao Bulacan,14.781330555555556,120.99786666666667,2016-05-05,11:01:00,2016,5,date,3.1,7.76,,36.0,23.0,,,9.2e6,22.093,0.313,2.887,,"","","","",""
CY 2016 MAY,Marilao,3,"Expressway Bridge Brgy. Patubig Marilao, Bulacan",14.771083333333333,120.95876944444444,2016-05-05,11:30:00,2016,5,date,0.95,7.48,,93.0,16.0,,,5.4e6,20.24,0.181,3.538,,"","","","",""
CY 2016 MAY,Marilao,4,Tabing ilog Bridge Brgy. Tabing Ilog Marilao Bulacan,14.760644444444445,120.94974722222223,2016-05-05,12:09:00,2016,5,date,0.85,7.51,,79.0,17.0,,,3.5e6,21.729,0.272,3.479,,"","","","",""
CY 2016 MAY,Marilao,5,Ibayo Bridge Brgy. Ibayo Marilao Bulacan,14.75435,120.95101111111111,2016-05-05,12:32:00,2016,5,date,0.85,7.06,,114.0,27.0,,,9.2e6,20.062,0.153,2.606,,"","","","",""
CY 2016 JUNE,Marilao,1,Marilao Caloocan Bridge DECA Homes Marilao Bulacan,14.779430555555557,121.02717777777778,2016-06-09,10:46:00,2016,6,date,3.55,7.94,,27.0,14.0,,,5.4e6,17.42,0.402,2.427,,"","","",bod_mg_l,""
CY 2016 JUNE,Marilao,2,Prenza Dam Brgy. Prenza II Marilao Bulacan,14.781330555555556,120.99786666666667,2016-06-09,11:05:00,2016,6,date,3.4,8.03,,24.0,25.0,,,3.5e6,18.796,0.755,2.355,,"","","",bod_mg_l,nitrates_mg_l
CY 2016 JUNE,Marilao,3,"Expressway Bridge Brgy. Patubig Marilao, Bulacan",14.771083333333333,120.95876944444444,2016-06-09,11:36:00,2016,6,date,2.65,7.74,,46.5,8.0,,,2.4e6,17.605,1.021,2.916,,"","","",bod_mg_l,nitrates_mg_l
CY 2016 JUNE,Marilao,4,Tabing ilog Bridge Brgy. Tabing Ilog Marilao Bulacan,14.760644444444445,120.94974722222223,2016-06-09,11:50:00,2016,6,date,2.2,7.8,,53.0,3.0,,,9.2e6,18.772,1.115,2.421,,"","","",bod_mg_l,nitrates_mg_l
CY 2016 JUNE,Marilao,5,Ibayo Bridge Brgy. Ibayo Marilao Bulacan,14.75435,120.95101111111111,2016-06-09,12:18:00,2016,6,date,2.17,7.84,,47.0,8.0,,,3.5e6,18.071,1.354,2.333,,"","","",bod_mg_l,nitrates_mg_l
CY 2016 JULY,Marilao,1,Marilao Caloocan Bridge DECA Homes Marilao Bulacan,14.779430555555557,121.02717777777778,2016-07-15,10:21:00,2016,7,date,4.35,7.88,,11.0,23.0,,,9.2e6,6.166,0.853,0.754,,"","","","",nitrates_mg_l
CY 2016 JULY,Marilao,2,Prenza Dam Brgy. Prenza II Marilao Bulacan,14.781330555555556,120.99786666666667,2016-07-15,10:45:00,2016,7,date,3.14,7.89,,16.0,19.0,,,3.5e6,4.172,1.367,0.731,,"","","","",nitrates_mg_l
CY 2016 JULY,Marilao,3,"Expressway Bridge Brgy. Patubig Marilao, Bulacan",14.771083333333333,120.95876944444444,2016-07-15,11:16:00,2016,7,date,1.32,7.42,,20.0,17.0,,,790000.0,12.748,0.398,1.858,,"","","","",""
CY 2016 JULY,Marilao,4,Tabing ilog Bridge Brgy. Tabing Ilog Marilao Bulacan,14.760644444444445,120.94974722222223,2016-07-15,11:42:00,2016,7,date,0.68,7.38,,16.0,12.0,,,940000.0,10.793,0.337,1.51,,"","","","",""
CY 2016 JULY,Marilao,5,Ibayo Bridge Brgy. Ibayo Marilao Bulacan,14.75435,120.95101111111111,2016-07-15,12:03:00,2016,7,date,0.58,7.4,,44.0,7.0,,,2.4e6,11.627,0.333,1.88,,"","","","",""
CY 2016 AUGUST,Marilao,1,Marilao Caloocan Bridge DECA Homes Marilao Bulacan,14.779430555555557,121.02717777777778,2016-08-10,13:45:00,2016,8,date,4.1,7.74,,20.0,13.0,,330000.0,9.2e6,124.0,1.589,0.938,,"","","",total_coliform_mpn,ammonia_mg_l;nitrates_mg_l
CY 2016 AUGUST,Marilao,2,Prenza Dam Brgy. Prenza II Marilao Bulacan,14.781330555555556,120.99786666666667,2016-08-10,14:15:00,2016,8,date,4.0,7.2,,79.0,17.0,,2.8e6,5.4e6,25.0,1.397,0.939,,"","","",total_coliform_mpn,nitrates_mg_l
CY 2016 AUGUST,Marilao,3,"Expressway Bridge Brgy. Patubig Marilao, Bulacan",14.771083333333333,120.95876944444444,2016-08-10,14:34:00,2016,8,date,2.9,7.22,,147.0,27.0,,9.2e6,5.4e6,30.0,1.092,1.271,,"","","",total_coliform_mpn,bod_mg_l;nitrates_mg_l
CY 2016 AUGUST,Marilao,4,Tabing ilog Bridge Brgy. Tabing Ilog Marilao Bulacan,14.760644444444445,120.94974722222223,2016-08-10,15:00:00,2016,8,date,2.8,7.2,,102.0,33.0,,9.2e6,5.4e6,30.0,1.964,1.287,,"","","",total_coliform_mpn,nitrates_mg_l
CY 2016 AUGUST,Marilao,5,Ibayo Bridge Brgy. Ibayo Marilao Bulacan,14.75435,120.95101111111111,2016-08-10,15:19:00,2016,8,date,0.795,7.21,,66.0,11.0,,2.8e6,4.6e6,30.0,2.037,1.288,,"","","",dissolved_oxygen_mg_l;tss_mg_l;total_coliform_mpn,nitrates_mg_l
CY 2016 SEPTEMBER,Marilao,1,Marilao Caloocan Bridge DECA Homes Marilao Bulacan,14.779430555555557,121.02717777777778,2016-09-15,11:30:00,2016,9,date,4.8,7.6,,13.0,7.0,,110000.0,9.2e6,18.893500000000003,0.676,0.98,15.0,"","","",total_coliform_mpn;ammonia_mg_l,nitrates_mg_l
CY 2016 SEPTEMBER,Marilao,2,Prenza Dam Brgy. Prenza II Marilao Bulacan,14.781330555555556,120.99786666666667,2016-09-15,11:55:00,2016,9,date,4.6,7.65,,12.0,13.0,,110000.0,5.4e6,22.5415,0.957,0.935,15.0,"","","",total_coliform_mpn;ammonia_mg_l,nitrates_mg_l
CY 2016 SEPTEMBER,Marilao,3,"Expressway Bridge Brgy. Patubig Marilao, Bulacan",14.771083333333333,120.95876944444444,2016-09-15,12:19:00,2016,9,date,1.6,6.8,,21.0,43.0,,170000.0,5.4e6,24.409,0.622,1.441,30.0,"","","",total_coliform_mpn;ammonia_mg_l,""
CY 2016 SEPTEMBER,Marilao,4,Tabing ilog Bridge Brgy. Tabing Ilog Marilao Bulacan,14.760644444444445,120.94974722222223,2016-09-15,12:41:00,2016,9,date,0.8,6.86,,43.0,9.0,,170000.0,5.4e6,28.0185,0.968,1.455,25.0,"","","",total_coliform_mpn;ammonia_mg_l,nitrates_mg_l
CY 2016 SEPTEMBER,Marilao,5,Ibayo Bridge Brgy. Ibayo Marilao Bulacan,14.75435,120.95101111111111,2016-09-15,13:05:00,2016,9,date,0.7,6.89,,50.0,5.0,,54000.0,4.6e6,27.6175,0.473,1.683,35.0,"","","",total_coliform_mpn;ammonia_mg_l,""
CY 2016 OCTOBER,Marilao,1,Marilao Caloocan Bridge DECA Homes Marilao Bulacan,14.779430555555557,121.02717777777778,2016-10-28,12:29:00,2016,10,date,4.6,7.86,,11.0,20.0,,2.3e6,9.2e6,18.893500000000003,0.048,1.598,84.0,nitrates_mg_l,"","",total_coliform_mpn;ammonia_mg_l,""
CY 2016 OCTOBER,Marilao,2,Prenza Dam Brgy. Prenza II Marilao Bulacan,14.781330555555556,120.99786666666667,2016-10-28,12:49:00,2016,10,date,4.3,7.87,,13.0,6.0,,3.3e6,5.4e6,22.5415,0.126,1.563,30.0,"","","",total_coliform_mpn;ammonia_mg_l,""
CY 2016 OCTOBER,Marilao,3,"Expressway Bridge Brgy. Patubig Marilao, Bulacan",14.771083333333333,120.95876944444444,2016-10-28,13:10:00,2016,10,date,1.8,7.65,,85.0,8.0,,7.9e6,5.4e6,24.409,0.048,2.411,60.0,nitrates_mg_l,"","",total_coliform_mpn;ammonia_mg_l,""
CY 2016 OCTOBER,Marilao,4,Tabing ilog Bridge Brgy. Tabing Ilog Marilao Bulacan,14.760644444444445,120.94974722222223,2016-10-28,13:41:00,2016,10,date,1.5,7.85,,39.0,10.0,,3.3e6,5.4e6,28.0185,0.048,2.222,69.0,nitrates_mg_l,"","",total_coliform_mpn;ammonia_mg_l,""
CY 2016 OCTOBER,Marilao,5,Ibayo Bridge Brgy. Ibayo Marilao Bulacan,14.75435,120.95101111111111,2016-10-28,14:02:00,2016,10,date,1.2,7.81,,37.0,12.0,,1.7e7,4.6e6,27.6175,0.048,2.34,69.0,nitrates_mg_l,"","",total_coliform_mpn;ammonia_mg_l,""
CY 2016 NOVEMBER,Marilao,1,Marilao Caloocan Bridge DECA Homes Marilao Bulacan,14.779430555555557,121.02717777777778,2016-11-23,11:22:00,2016,11,date,2.9,7.85,,39.0,12.0,,3.5e6,9.2e6,18.893500000000003,0.109,2.683,24.0,"","","",total_coliform_mpn;ammonia_mg_l,""
CY 2016 NOVEMBER,Marilao,2,Prenza Dam Brgy. Prenza II Marilao Bulacan,14.781330555555556,120.99786666666667,2016-11-23,12:18:00,2016,11,date,3.2,7.72,,13.0,15.0,,230000.0,5.4e6,22.5415,0.172,3.412,29.0,"","","",total_coliform_mpn;ammonia_mg_l,""
CY 2016 NOVEMBER,Marilao,3,"Expressway Bridge Brgy. Patubig Marilao, Bulacan",14.771083333333333,120.95876944444444,2016-11-23,13:12:00,2016,11,date,0.9,7.3,,23.0,15.0,,330000.0,5.4e6,24.409,0.048,4.383,110.0,nitrates_mg_l,"","",total_coliform_mpn;ammonia_mg_l,""
CY 2016 NOVEMBER,Marilao,4,Tabing ilog Bridge Brgy. Tabing Ilog Marilao Bulacan,14.760644444444445,120.94974722222223,2016-11-23,13:48:00,2016,11,date,0.6,7.41,,54.0,20.0,,2.4e6,5.4e6,28.0185,0.048,4.075,648.0,nitrates_mg_l,"","",total_coliform_mpn;ammonia_mg_l,""
CY 2016 NOVEMBER,Marilao,5,Ibayo Bridge Brgy. Ibayo Marilao Bulacan,14.75435,120.95101111111111,2016-11-23,14:02:00,2016,11,date,0.8,7.35,,54.0,17.0,,4.6e7,4.6e6,27.6175,0.155,30.894,754.0,"","","",total_coliform_mpn;ammonia_mg_l,fecal_coliform_mpn;phosphates_mg_l
CY 2017 JANUARY,Marilao,1,Marilao Caloocan Bridge DECA Homes Marilao Bulacan,14.779430555555557,121.02717777777778,2017-01-25,11:20:00,2017,1,date,3.5,7.25,26.4,20.0,12.0,80.0,2.4e6,,,0.179,2.58,34.0,"","","","",""
CY 2017 JANUARY,Marilao,2,Prenza Dam Brgy. Prenza II Marilao Bulacan,14.781330555555556,120.99786666666667,2017-01-25,11:40:00,2017,1,date,2.9,7.15,26.5,19.0,14.0,60.0,2.4e6,,,0.09,2.467,29.0,"","","","",""
CY 2017 JANUARY,Marilao,3,"Expressway Bridge Brgy. Patubig Marilao, Bulacan",14.771083333333333,120.95876944444444,2017-01-25,12:17:00,2017,1,date,1.8,6.95,27.3,35.0,36.0,40.0,3.5e6,,,0.088,3.647,246.0,"","","","",""
CY 2017 JANUARY,Marilao,4,Tabing ilog Bridge Brgy. Tabing Ilog Marilao Bulacan,14.760644444444445,120.94974722222223,2017-01-25,12:36:00,2017,1,date,0.8,7.01,27.3,37.0,34.0,40.0,2.4e6,,,0.048,3.83,253.0,nitrates_mg_l,"","","",""
CY 2017 JANUARY,Marilao,5,Ibayo Bridge Brgy. Ibayo Marilao Bulacan,14.75435,120.95101111111111,2017-01-25,12:56:00,2017,1,date,0.9,6.98,27.1,49.0,29.0,40.0,9.2e6,,,0.067,3.408,366.0,"","","","",""
CY 2017 FEBRUARY,Marilao,1,Marilao Caloocan Bridge DECA Homes Marilao Bulacan,14.779430555555557,121.02717777777778,2017-02-22,11:09:00,2017,2,date,3.22,7.74,27.7,36.0,14.0,40.0,2.4e6,,,0.139,2.964,63.0,"","","","",""
CY 2017 FEBRUARY,Marilao,2,Prenza Dam Brgy. Prenza II Marilao Bulacan,14.781330555555556,120.99786666666667,2017-02-22,11:47:00,2017,2,date,4.49,7.87,28.6,18.0,21.0,80.0,210000.0,,,0.242,3.592,63.0,"","","","",""
CY 2017 FEBRUARY,Marilao,3,"Expressway Bridge Brgy. Patubig Marilao, Bulacan",14.771083333333333,120.95876944444444,2017-02-22,12:25:00,2017,2,date,0.9,7.71,29.53,33.0,24.0,100.0,1.3e6,,,0.062,4.935,481.0,"","","","",""
CY 2017 FEBRUARY,Marilao,4,Tabing ilog Bridge Brgy. Tabing Ilog Marilao Bulacan,14.760644444444445,120.94974722222223,2017-02-22,13:10:00,2017,2,date,0.8,7.74,29.8,59.0,34.0,100.0,470000.0,,,0.102,4.811,515.0,"","","","",""
CY 2017 FEBRUARY,Marilao,5,Ibayo Bridge Brgy. Ibayo Marilao Bulacan,14.75435,120.95101111111111,2017-02-22,13:29:00,2017,2,date,0.65,7.62,30.8,46.0,31.0,125.0,1.3e6,,,0.099,4.777,573.0,"","","","",""
CY 2017 MARCH,Marilao,1,Marilao Caloocan Bridge DECA Homes Marilao Bulacan,14.779430555555557,121.02717777777778,2017-03-15,11:25:00,2017,3,date,5.76,7.61,28.0,23.0,15.0,30.0,3.5e6,,,1.518,0.62,50.0,"","","","",nitrates_mg_l
CY 2017 MARCH,Marilao,2,Prenza Dam Brgy. Prenza II Marilao Bulacan,14.781330555555556,120.99786666666667,2017-03-15,11:46:00,2017,3,date,5.66,7.72,28.4,18.0,18.0,40.0,1.3e6,,,1.872,0.997,60.0,"","","","",nitrates_mg_l
CY 2017 MARCH,Marilao,3,"Expressway Bridge Brgy. Patubig Marilao, Bulacan",14.771083333333333,120.95876944444444,2017-03-15,12:05:00,2017,3,date,2.4,7.41,28.2,31.0,23.0,40.0,330000.0,,,0.498,1.053,149.0,"","","","",""
CY 2017 MARCH,Marilao,4,Tabing ilog Bridge Brgy. Tabing Ilog Marilao Bulacan,14.760644444444445,120.94974722222223,2017-03-15,12:26:00,2017,3,date,1.05,7.44,28.4,17.0,26.0,40.0,1.3e6,,,0.196,1.075,159.0,"","","","",""
CY 2017 MARCH,Marilao,5,Ibayo Bridge Brgy. Ibayo Marilao Bulacan,14.75435,120.95101111111111,2017-03-15,12:45:00,2017,3,date,1.1,7.44,28.8,29.0,27.0,40.0,340000.0,,,0.422,0.952,129.0,"","","","",""
CY 2017 APRIL,Marilao,1,Marilao Caloocan Bridge DECA Homes Marilao Bulacan,14.779430555555557,121.02717777777778,2017-04-20,12:15:00,2017,4,date,4.9,7.6,32.15,34.0,23.0,80.0,5.4e6,,,0.647,1.894,99.0,"","","","",""
CY 2017 APRIL,Marilao,2,Prenza Dam Brgy. Prenza II Marilao Bulacan,14.781330555555556,120.99786666666667,2017-04-20,12:36:00,2017,4,date,4.6,7.71,33.2,56.0,12.0,40.0,5.4e6,,,0.881,1.844,65.0,"","","","",nitrates_mg_l
CY 2017 APRIL,Marilao,3,"Expressway Bridge Brgy. Patubig Marilao, Bulacan",14.771083333333333,120.95876944444444,2017-04-20,12:58:00,2017,4,date,1.61,7.5,34.9,34.0,23.0,40.0,5.4e6,,,0.206,2.423,50.0,"","","","",""
CY 2017 APRIL,Marilao,4,Tabing ilog Bridge Brgy. Tabing Ilog Marilao Bulacan,14.760644444444445,120.94974722222223,2017-04-20,13:18:00,2017,4,date,0.96,7.48,34.7,24.0,26.0,50.0,3.5e6,,,0.148,2.453,99.0,"","","","",""
CY 2017 APRIL,Marilao,5,Ibayo Bridge Brgy. Ibayo Marilao Bulacan,14.75435,120.95101111111111,2017-04-20,13:34:00,2017,4,date,0.8,7.44,35.0,34.0,27.0,50.0,1.6e7,,,0.188,2.227,119.0,"","","","",""
CY 2017 MAY,Marilao,1,Marilao Caloocan Bridge DECA Homes Marilao Bulacan,14.779430555555557,121.02717777777778,2017-05-10,11:10:00,2017,5,date,4.55,7.71,31.5,28.0,31.0,40.0,5.4e6,,,0.048,3.031,44.0,nitrates_mg_l,"","","",""
CY 2017 MAY,Marilao,2,Prenza Dam Brgy. Prenza II Marilao Bulacan,14.781330555555556,120.99786666666667,2017-05-10,11:31:00,2017,5,date,4.1,7.71,31.6,27.0,15.0,30.0,9.2e6,,,0.048,3.09,420.0,nitrates_mg_l,"","","",""
CY 2017 MAY,Marilao,3,"Expressway Bridge Brgy. Patubig Marilao, Bulacan",14.771083333333333,120.95876944444444,2017-05-10,11:55:00,2017,5,date,0.72,7.4,34.4,30.0,27.0,75.0,3.5e6,,,0.048,3.7,63.0,nitrates_mg_l,"","","",""
CY 2017 MAY,Marilao,4,Tabing ilog Bridge Brgy. Tabing Ilog Marilao Bulacan,14.760644444444445,120.94974722222223,2017-05-10,12:20:00,2017,5,date,0.65,7.42,34.6,24.0,28.0,100.0,9.2e6,,,0.048,3.672,430.0,nitrates_mg_l,"","","",""
CY 2017 MAY,Marilao,5,Ibayo Bridge Brgy. Ibayo Marilao Bulacan,14.75435,120.95101111111111,2017-05-10,12:41:00,2017,5,date,0.6,7.39,34.8,28.0,25.0,150.0,5.4e6,,,0.048,3.663,391.0,nitrates_mg_l,"","","",color_tcu
CY 2017 JUNE,Marilao,1,Marilao Caloocan Bridge DECA Homes Marilao Bulacan,14.779430555555557,121.02717777777778,2017-06-07,11:23:00,2017,6,date,2.8,7.77,31.3,33.0,11.0,40.0,3.5e7,,,0.048,2.413,78.0,nitrates_mg_l,"","","",fecal_coliform_mpn
CY 2017 JUNE,Marilao,2,Prenza Dam Brgy. Prenza II Marilao Bulacan,14.781330555555556,120.99786666666667,2017-06-07,11:41:00,2017,6,date,3.08,7.72,32.35,46.0,28.0,30.0,3.5e6,,,0.048,2.479,39.0,nitrates_mg_l,"","","",""
CY 2017 JUNE,Marilao,3,"Expressway Bridge Brgy. Patubig Marilao, Bulacan",14.771083333333333,120.95876944444444,2017-06-07,12:15:00,2017,6,date,0.8,7.32,31.6,53.0,28.0,40.0,2.2e6,,,0.048,3.619,342.0,nitrates_mg_l,"","","",""
CY 2017 JUNE,Marilao,4,Tabing ilog Bridge Brgy. Tabing Ilog Marilao Bulacan,14.760644444444445,120.94974722222223,2017-06-07,12:45:00,2017,6,date,0.7,7.36,31.9,45.0,23.0,60.0,1.3e6,,,0.055,3.586,195.0,"","","","",""
CY 2017 JUNE,Marilao,5,Ibayo Bridge Brgy. Ibayo Marilao Bulacan,14.75435,120.95101111111111,2017-06-07,13:20:00,2017,6,date,0.8,7.35,31.9,48.0,22.0,80.0,2.4e6,,,0.059,3.421,146.0,"","","","",""
CY 2017 JULY,Marilao,1,Marilao Caloocan Bridge DECA Homes Marilao Bulacan,14.779430555555557,121.02717777777778,2017-07-28,12:01:00,2017,7,date,4.38,7.79,29.0,13.0,15.0,40.0,700000.0,,,0.048,1.84,63.0,nitrates_mg_l,"","",color_tcu,""
CY 2017 JULY,Marilao,2,Prenza Dam Brgy. Prenza II Marilao Bulacan,14.781330555555556,120.99786666666667,2017-07-28,12:24:00,2017,7,date,4.22,7.73,29.1,16.0,10.0,35.0,490000.0,,,0.048,1.821,39.0,nitrates_mg_l,"","",color_tcu,""
CY 2017 JULY,Marilao,3,"Expressway Bridge Brgy. Patubig Marilao, Bulacan",14.771083333333333,120.95876944444444,2017-07-28,12:48:00,2017,7,date,0.56,7.63,28.93,23.0,22.0,40.0,490000.0,,,0.048,2.535,112.0,nitrates_mg_l,"","",color_tcu,""
CY 2017 JULY,Marilao,4,Tabing ilog Bridge Brgy. Tabing Ilog Marilao Bulacan,14.760644444444445,120.94974722222223,2017-07-28,13:12:00,2017,7,date,0.58,7.59,28.9,40.0,24.0,45.0,1.1e6,,,0.048,2.517,59.0,nitrates_mg_l,"","",color_tcu,""
CY 2017 JULY,Marilao,5,Ibayo Bridge Brgy. Ibayo Marilao Bulacan,14.75435,120.95101111111111,2017-07-28,13:31:00,2017,7,date,0.45,7.62,28.45,17.0,22.0,45.0,790000.0,,,0.048,2.527,59.0,nitrates_mg_l,"","",color_tcu,""
CY 2016 AUGUST,Marilao,1,Marilao Caloocan Bridge DECA Homes Marilao Bulacan,14.779430555555557,121.02717777777778,2017-08-17,11:05:00,2017,8,date,5.73,7.09,31.2,16.0,24.0,40.0,540000.0,,,0.067,1.595,27.0,"","","","",""
CY 2016 AUGUST,Marilao,2,Prenza Dam Brgy. Prenza II Marilao Bulacan,14.781330555555556,120.99786666666667,2017-08-17,11:46:00,2017,8,date,5.04,7.02,31.5,13.0,25.0,25.0,280000.0,,,0.048,1.28,28.0,nitrates_mg_l,"","","",""
CY 2016 AUGUST,Marilao,3,"Expressway Bridge Brgy. Patubig Marilao, Bulacan",14.771083333333333,120.95876944444444,2017-08-17,12:41:00,2017,8,date,1.36,7.04,30.9,14.0,11.0,40.0,540000.0,,,0.09,1.906,32.0,"","","","",""
CY 2016 AUGUST,Marilao,4,Tabing ilog Bridge Brgy. Tabing Ilog Marilao Bulacan,14.760644444444445,120.94974722222223,2017-08-17,13:09:00,2017,8,date,0.96,7.01,30.9,66.0,8.0,30.0,1.6e6,,,0.048,2.094,24.0,nitrates_mg_l,"","","",""
CY 2016 AUGUST,Marilao,5,Ibayo Bridge Brgy. Ibayo Marilao Bulacan,14.75435,120.95101111111111,2017-08-17,13:30:00,2017,8,date,1.01,7.06,32.0,24.0,16.0,30.0,5.4e6,,,1.133,1.558,24.0,"","","","",nitrates_mg_l
CY 2016 SEPTEMBER,Marilao,1,Marilao Caloocan Bridge DECA Homes Marilao Bulacan,14.779430555555557,121.02717777777778,2017-09-13,10:27:00,2017,9,date,5.25,7.15,27.9,16.0,33.0,20.0,1.4e7,,,1.066,0.926,30.0,"","","","",nitrates_mg_l
CY 2016 SEPTEMBER,Marilao,2,Prenza Dam Brgy. Prenza II Marilao Bulacan,14.781330555555556,120.99786666666667,2017-09-13,10:47:00,2017,9,date,5.4,7.24,28.3,14.0,14.0,10.0,3.5e6,,,0.739,0.95,14.0,"","","","",nitrates_mg_l
CY 2016 SEPTEMBER,Marilao,3,"Expressway Bridge Brgy. Patubig Marilao, Bulacan",14.771083333333333,120.95876944444444,2017-09-13,11:08:00,2017,9,date,4.5,7.12,28.3,19.0,12.0,40.0,330000.0,,,1.336,1.091,27.0,"","","","",nitrates_mg_l
CY 2016 SEPTEMBER,Marilao,4,Tabing ilog Bridge Brgy. Tabing Ilog Marilao Bulacan,14.760644444444445,120.94974722222223,2017-09-13,11:35:00,2017,9,date,4.58,7.18,28.2,13.0,9.0,30.0,490000.0,,,1.555,0.982,21.0,"","","","",nitrates_mg_l
CY 2016 SEPTEMBER,Marilao,5,Ibayo Bridge Brgy. Ibayo Marilao Bulacan,14.75435,120.95101111111111,2017-09-13,12:03:00,2017,9,date,4.38,7.2,28.1,5.0,46.0,20.0,540000.0,,,1.581,0.943,20.0,"","","","",nitrates_mg_l
CY 2017 OCTOBER,Marilao,1,Marilao Caloocan Bridge DECA Homes Marilao Bulacan,14.779430555555557,121.02717777777778,2017-10-11,12:10:00,2017,10,date,4.15,7.5,30.2,11.0,18.0,30.0,2.4e6,,,0.048,2.168,34.0,nitrates_mg_l,"","","",""
CY 2017 OCTOBER,Marilao,2,Prenza Dam Brgy. Prenza II Marilao Bulacan,14.781330555555556,120.99786666666667,2017-10-11,12:41:00,2017,10,date,4.01,7.56,30.3,10.0,31.0,30.0,1.3e6,,,0.178,1.828,23.0,"","","","",""
CY 2017 OCTOBER,Marilao,3,"Expressway Bridge Brgy. Patubig Marilao, Bulacan",14.771083333333333,120.95876944444444,2017-10-11,13:11:00,2017,10,date,1.62,7.27,29.9,17.0,57.0,30.0,3.5e6,,,0.539,1.51,30.0,"","","","",""
CY 2017 OCTOBER,Marilao,4,Tabing ilog Bridge Brgy. Tabing Ilog Marilao Bulacan,14.760644444444445,120.94974722222223,2017-10-11,13:40:00,2017,10,date,0.99,7.3,30.05,23.0,18.0,30.0,5.4e6,,,0.118,1.894,30.0,"","","","",""
CY 2017 OCTOBER,Marilao,5,Ibayo Bridge Brgy. Ibayo Marilao Bulacan,14.75435,120.95101111111111,2017-10-11,14:01:00,2017,10,date,1.02,7.28,30.3,20.0,37.0,30.0,9.2e6,,,0.169,2.163,39.0,"","","","",""
CY 2017 NOVEMBER,Marilao,1,Marilao Caloocan Bridge DECA Homes Marilao Bulacan,14.779430555555557,121.02717777777778,2017-11-29,10:59:00,2017,11,date,4.05,7.03,28.9,13.0,13.0,40.0,2.8e6,,,0.103,2.644,40.0,"","","","",""
CY 2017 NOVEMBER,Marilao,2,Prenza Dam Brgy. Prenza II Marilao Bulacan,14.781330555555556,120.99786666666667,2017-11-29,11:18:00,2017,11,date,3.98,7.24,29.1,16.0,12.0,40.0,3.3e6,,,0.261,2.377,46.0,"","","","",""
CY 2017 NOVEMBER,Marilao,3,"Expressway Bridge Brgy. Patubig Marilao, Bulacan",14.771083333333333,120.95876944444444,2017-11-29,11:38:00,2017,11,date,0.98,7.49,28.9,44.0,8.0,60.0,1.6e8,,,0.135,4.287,47.0,"","","","",fecal_coliform_mpn
CY 2017 NOVEMBER,Marilao,4,Tabing ilog Bridge Brgy. Tabing Ilog Marilao Bulacan,14.760644444444445,120.94974722222223,2017-11-29,11:59:00,2017,11,date,0.81,7.52,28.8,38.0,8.0,60.0,2.4e7,,,0.248,4.03,225.0,"","","","",fecal_coliform_mpn
CY 2017 NOVEMBER,Marilao,5,Ibayo Bridge Brgy. Ibayo Marilao Bulacan,14.75435,120.95101111111111,2017-11-29,12:19:00,2017,11,date,0.87,7.5,28.75,28.0,10.0,60.0,1.5e6,,,0.071,3.934,142.0,"","","","",""
CY 2018 JANUARY,Marilao,1,Marilao Caloocan Bridge DECA Homes Marilao Bulacan,14.779430555555557,121.02717777777778,2018-01-04,12:25:00,2018,1,date,2.15,6.85,27.8,76.0,18.0,40.0,1.1e7,,,0.048,2.672,42.0,nitrates_mg_l,"","","",""
CY 2018 JANUARY,Marilao,2,Prenza Dam Brgy. Prenza II Marilao Bulacan,14.781330555555556,120.99786666666667,2018-01-04,12:50:00,2018,1,date,2.05,7.15,28.0,36.0,9.0,40.0,9.2e6,,,0.166,2.538,39.0,"","","","",""
CY 2018 JANUARY,Marilao,3,"Expressway Bridge Brgy. Patubig Marilao, Bulacan",14.771083333333333,120.95876944444444,2018-01-04,13:09:00,2018,1,date,1.09,7.23,27.9,52.0,18.0,40.0,2.8e6,,,0.579,3.587,1152.0,"","","","",""
CY 2018 JANUARY,Marilao,4,Tabing ilog Bridge Brgy. Tabing Ilog Marilao Bulacan,14.760644444444445,120.94974722222223,2018-01-04,13:30:00,2018,1,date,0.75,7.25,27.7,64.0,19.0,50.0,2.4e6,,,0.098,3.709,1103.0,"","","","",""
CY 2018 JANUARY,Marilao,5,Ibayo Bridge Brgy. Ibayo Marilao Bulacan,14.75435,120.95101111111111,2018-01-04,13:48:00,2018,1,date,0.6,7.2,27.8,45.0,19.0,50.0,2.4e6,,,0.181,3.683,1098.0,"","","","",""
CY 2018 FEBRUARY,Marilao,1,Marilao Caloocan Bridge DECA Homes Marilao Bulacan,14.779430555555557,121.02717777777778,2018-02-14,10:50:00,2018,2,date,2.75,7.1,26.1,15.0,17.0,40.0,5.4e6,,,0.048,2.814,61.0,nitrates_mg_l,"","","",""
CY 2018 FEBRUARY,Marilao,2,Prenza Dam Brgy. Prenza II Marilao Bulacan,14.781330555555556,120.99786666666667,2018-02-14,11:12:00,2018,2,date,2.28,7.13,25.95,20.0,25.0,40.0,2.4e6,,,0.048,2.993,41.0,nitrates_mg_l,"","","",""
CY 2018 FEBRUARY,Marilao,3,"Expressway Bridge Brgy. Patubig Marilao, Bulacan",14.771083333333333,120.95876944444444,2018-02-14,11:40:00,2018,2,date,0.25,7.16,27.0,31.0,33.0,40.0,230000.0,,,0.066,3.877,1.161,"","","","",""
CY 2018 FEBRUARY,Marilao,4,Tabing ilog Bridge Brgy. Tabing Ilog Marilao Bulacan,14.760644444444445,120.94974722222223,2018-02-14,12:01:00,2018,2,date,0.3,7.21,27.1,35.0,35.0,80.0,3.5e6,,,0.068,3.936,1.229,"","","","",""
CY 2018 FEBRUARY,Marilao,5,Ibayo Bridge Brgy. Ibayo Marilao Bulacan,14.75435,120.95101111111111,2018-02-14,12:20:00,2018,2,date,0.2,7.18,27.08,56.0,46.0,60.0,630000.0,,,0.048,4.041,1.073,nitrates_mg_l,"","","",""
CY 2018 APRIL,Marilao,1,Marilao Caloocan Bridge DECA Homes Marilao Bulacan,14.779430555555557,121.02717777777778,2018-04-18,11:57:00,2018,4,date,4.09,8.01,29.6,44.0,10.0,50.0,9.2e6,,,0.048,2.662,83.0,nitrates_mg_l,"","","",""
CY 2018 APRIL,Marilao,2,Prenza Dam Brgy. Prenza II Marilao Bulacan,14.781330555555556,120.99786666666667,2018-04-18,12:16:00,2018,4,date,3.7,7.9,29.7,33.0,9.0,80.0,1.4e7,,,0.049,2.671,60.0,"","","","",""
CY 2018 APRIL,Marilao,3,"Expressway Bridge Brgy. Patubig Marilao, Bulacan",14.771083333333333,120.95876944444444,2018-04-18,12:40:00,2018,4,date,0.68,7.24,30.9,45.0,11.0,250.0,1.3e7,,,0.048,3.487,480.0,nitrates_mg_l,"","","",color_tcu
CY 2018 APRIL,Marilao,4,Tabing ilog Bridge Brgy. Tabing Ilog Marilao Bulacan,14.760644444444445,120.94974722222223,2018-04-18,13:01:00,2018,4,date,0.6,7.41,31.5,35.0,10.0,250.0,5.4e6,,,0.131,3.701,437.0,"","","","",color_tcu
CY 2018 APRIL,Marilao,5,Ibayo Bridge Brgy. Ibayo Marilao Bulacan,14.75435,120.95101111111111,2018-04-18,13:20:00,2018,4,date,0.35,7.3,31.2,39.0,14.0,250.0,1.7e7,,,0.114,3.388,738.0,"","","","",color_tcu
CY 2017 MAY,Marilao,1,Marilao Caloocan Bridge DECA Homes Marilao Bulacan,14.779430555555557,121.02717777777778,2018-05-10,11:26:00,2018,5,date,4.51,8.01,31.45,34.0,21.0,40.0,3.5e6,,,0.052,2.916,84.0,"","","","",""
CY 2017 MAY,Marilao,2,Prenza Dam Brgy. Prenza II Marilao Bulacan,14.781330555555556,120.99786666666667,2018-05-10,11:47:00,2018,5,date,4.38,7.98,31.8,26.0,19.0,40.0,5.4e6,,,0.048,2.852,59.0,nitrates_mg_l,"","","",""
CY 2017 MAY,Marilao,3,"Expressway Bridge Brgy. Patubig Marilao, Bulacan",14.771083333333333,120.95876944444444,2018-05-10,12:15:00,2018,5,date,0.19,7.0,34.33,289.0,41.0,50.0,9.2e7,,,0.048,1.681,821.0,nitrates_mg_l,"","","",bod_mg_l;fecal_coliform_mpn
CY 2017 MAY,Marilao,4,Tabing ilog Bridge Brgy. Tabing Ilog Marilao Bulacan,14.760644444444445,120.94974722222223,2018-05-10,12:42:00,2018,5,date,0.2,7.06,34.5,244.0,12.0,50.0,9.2e7,,,0.096,1.948,976.0,"","","","",bod_mg_l;fecal_coliform_mpn
CY 2017 MAY,Marilao,5,Ibayo Bridge Brgy. Ibayo Marilao Bulacan,14.75435,120.95101111111111,2018-05-10,13:00:00,2018,5,date,0.2,7.16,34.5,189.0,33.0,50.0,5.4e7,,,0.048,2.483,864.0,nitrates_mg_l,"","","",bod_mg_l;fecal_coliform_mpn
CY 2012 JANUARY,Meycauayan,1,Perez Bridge Brgy. Perez Meycauayan Bulacan,14.758216666666666,120.9899638888889,,,2012,1,period_label,4.08,,,27.0,,,,,,,,,"","","","",""
CY 2012 JANUARY,Meycauayan,2,Expressway Bridge Brgy. Langka Meycauayan Bulacan,14.739205555555555,120.97629722222223,,,2012,1,period_label,2.3,,,204.0,,,,,,,,,"","","","",bod_mg_l
CY 2012 JANUARY,Meycauayan,3,Viente Reales Bridge Brgy. Viente Reales Valenzuela City MM,14.730027777777778,120.96511944444445,,,2012,1,period_label,1.4,,,100.0,,,,,,,,,"","","","",""
CY 2012 JANUARY,Meycauayan,4,McArthur Highway Brgy. Banga Meycauayan Bulacan,14.73075,120.96133888888889,,,2012,1,period_label,1.9,,,99.0,,,,,,,,,"","","","",""
CY 2012 JANUARY,Meycauayan,5,Meymart Bridge Brgy. Zamora Meycauayan Bulacan,14.736141666666667,120.95815,,,2012,1,period_label,1.7,,,52.0,,,,,,,,,"","","","",""
CY 2012 FEBRUARY,Meycauayan,1,Perez Bridge Brgy. Perez Meycauayan Bulacan,14.758216666666666,120.9899638888889,,,2012,2,period_label,4.5,,,26.0,,,,,,,,,"","","","",""
CY 2012 FEBRUARY,Meycauayan,2,Expressway Bridge Brgy. Langka Meycauayan Bulacan,14.739205555555555,120.97629722222223,,,2012,2,period_label,2.1,,,78.0,,,,,,,,,"","","","",""
CY 2012 FEBRUARY,Meycauayan,3,Viente Reales Bridge Brgy. Viente Reales Valenzuela City MM,14.730027777777778,120.96511944444445,,,2012,2,period_label,1.4,,,61.0,,,,,,,,,"","","","",""
CY 2012 FEBRUARY,Meycauayan,4,McArthur Highway Brgy. Banga Meycauayan Bulacan,14.73075,120.96133888888889,,,2012,2,period_label,2.1,,,35.0,,,,,,,,,"","","","",""
CY 2012 FEBRUARY,Meycauayan,5,Meymart Bridge Brgy. Zamora Meycauayan Bulacan,14.736141666666667,120.95815,,,2012,2,period_label,1.2,,,28.0,,,,,,,,,"","","","",""
CY 2012 MARCH,Meycauayan,1,Perez Bridge Brgy. Perez Meycauayan Bulacan,14.758216666666666,120.9899638888889,,,2012,3,period_label,2.26,,,38.0,,,,,,,,,"","","","",""
CY 2012 MARCH,Meycauayan,2,Expressway Bridge Brgy. Langka Meycauayan Bulacan,14.739205555555555,120.97629722222223,,,2012,3,period_label,1.7,,,190.0,,,,,,,,,"","","","",bod_mg_l
CY 2012 MARCH,Meycauayan,3,Viente Reales Bridge Brgy. Viente Reales Valenzuela City MM,14.730027777777778,120.96511944444445,,,2012,3,period_label,1.46,,,42.0,,,,,,,,,"","","","",""
CY 2012 MARCH,Meycauayan,4,McArthur Highway Brgy. Banga Meycauayan Bulacan,14.73075,120.96133888888889,,,2012,3,period_label,1.7,,,32.0,,,,,,,,,"","","","",""
CY 2012 MARCH,Meycauayan,5,Meymart Bridge Brgy. Zamora Meycauayan Bulacan,14.736141666666667,120.95815,,,2012,3,period_label,1.6,,,33.0,,,,,,,,,"","","","",""
CY 2012 APRIL,Meycauayan,1,Perez Bridge Brgy. Perez Meycauayan Bulacan,14.758216666666666,120.9899638888889,,,2012,4,period_label,1.9,,,50.0,,,,,,,,,"","","","",""
CY 2012 APRIL,Meycauayan,2,Expressway Bridge Brgy. Langka Meycauayan Bulacan,14.739205555555555,120.97629722222223,,,2012,4,period_label,1.4,,,66.0,,,,,,,,,"","","","",""
CY 2012 APRIL,Meycauayan,3,Viente Reales Bridge Brgy. Viente Reales Valenzuela City MM,14.730027777777778,120.96511944444445,,,2012,4,period_label,1.2,,,43.0,,,,,,,,,"","","","",""
CY 2012 APRIL,Meycauayan,4,McArthur Highway Brgy. Banga Meycauayan Bulacan,14.73075,120.96133888888889,,,2012,4,period_label,1.8,,,38.0,,,,,,,,,"","","","",""
CY 2012 APRIL,Meycauayan,5,Meymart Bridge Brgy. Zamora Meycauayan Bulacan,14.736141666666667,120.95815,,,2012,4,period_label,1.7,,,31.0,,,,,,,,,"","","","",""
CY 2012 MAY,Meycauayan,1,Perez Bridge Brgy. Perez Meycauayan Bulacan,14.758216666666666,120.9899638888889,,,2012,5,period_label,3.2,,,37.0,,,,,,,,,"","","","",""
CY 2012 MAY,Meycauayan,2,Expressway Bridge Brgy. Langka Meycauayan Bulacan,14.739205555555555,120.97629722222223,,,2012,5,period_label,2.1,,,45.0,,,,,,,,,"","","","",""
CY 2012 MAY,Meycauayan,3,Viente Reales Bridge Brgy. Viente Reales Valenzuela City MM,14.730027777777778,120.96511944444445,,,2012,5,period_label,1.7,,,61.0,,,,,,,,,"","","","",""
CY 2012 MAY,Meycauayan,4,McArthur Highway Brgy. Banga Meycauayan Bulacan,14.73075,120.96133888888889,,,2012,5,period_label,2.2,,,26.0,,,,,,,,,"","","","",""
CY 2012 MAY,Meycauayan,5,Meymart Bridge Brgy. Zamora Meycauayan Bulacan,14.736141666666667,120.95815,,,2012,5,period_label,1.4,,,19.0,,,,,,,,,"","","","",""
CY 2012 JUNE,Meycauayan,1,Perez Bridge Brgy. Perez Meycauayan Bulacan,14.758216666666666,120.9899638888889,,,2012,6,period_label,2.8,,,23.0,,,,,,,,,"","","","",""
CY 2012 JUNE,Meycauayan,2,Expressway Bridge Brgy. Langka Meycauayan Bulacan,14.739205555555555,120.97629722222223,,,2012,6,period_label,1.8,,,45.0,,,,,,,,,"","","","",""
CY 2012 JUNE,Meycauayan,3,Viente Reales Bridge Brgy. Viente Reales Valenzuela City MM,14.730027777777778,120.96511944444445,,,2012,6,period_label,1.4,,,39.0,,,,,,,,,"","","","",""
CY 2012 JUNE,Meycauayan,4,McArthur Highway Brgy. Banga Meycauayan Bulacan,14.73075,120.96133888888889,,,2012,6,period_label,1.6,,,29.0,,,,,,,,,"","","","",""
CY 2012 JUNE,Meycauayan,5,Meymart Bridge Brgy. Zamora Meycauayan Bulacan,14.736141666666667,120.95815,,,2012,6,period_label,1.1,,,31.0,,,,,,,,,"","","","",""
CY 2012 JULY,Meycauayan,1,Perez Bridge Brgy. Perez Meycauayan Bulacan,14.758216666666666,120.9899638888889,,,2012,7,period_label,3.2,,,8.0,,,,,,,,,"","","","",""
CY 2012 JULY,Meycauayan,2,Expressway Bridge Brgy. Langka Meycauayan Bulacan,14.739205555555555,120.97629722222223,,,2012,7,period_label,3.1,,,8.0,,,,,,,,,"","","","",""
CY 2012 JULY,Meycauayan,3,Viente Reales Bridge Brgy. Viente Reales Valenzuela City MM,14.730027777777778,120.96511944444445,,,2012,7,period_label,3.0,,,18.0,,,,,,,,,"","","","",""
CY 2012 JULY,Meycauayan,4,McArthur Highway Brgy. Banga Meycauayan Bulacan,14.73075,120.96133888888889,,,2012,7,period_label,3.7,,,9.0,,,,,,,,,"","","","",""
CY 2012 JULY,Meycauayan,5,Meymart Bridge Brgy. Zamora Meycauayan Bulacan,14.736141666666667,120.95815,,,2012,7,period_label,4.6,,,13.0,,,,,,,,,"","","","",""
CY 2012 AUGUST,Meycauayan,1,Perez Bridge Brgy. Perez Meycauayan Bulacan,14.758216666666666,120.9899638888889,,,2012,8,period_label,1.6,,,20.0,,,,,,,,,"","","","",""
CY 2012 AUGUST,Meycauayan,2,Expressway Bridge Brgy. Langka Meycauayan Bulacan,14.739205555555555,120.97629722222223,,,2012,8,period_label,1.7,,,47.0,,,,,,,,,"","","","",""
CY 2012 AUGUST,Meycauayan,3,Viente Reales Bridge Brgy. Viente Reales Valenzuela City MM,14.730027777777778,120.96511944444445,,,2012,8,period_label,1.4,,,56.0,,,,,,,,,"","","","",""
CY 2012 AUGUST,Meycauayan,4,McArthur Highway Brgy. Banga Meycauayan Bulacan,14.73075,120.96133888888889,,,2012,8,period_label,1.5,,,34.0,,,,,,,,,"","","","",""
CY 2012 AUGUST,Meycauayan,5,Meymart Bridge Brgy. Zamora Meycauayan Bulacan,14.736141666666667,120.95815,,,2012,8,period_label,1.3,,,29.0,,,,,,,,,"","","","",""
CY 2012 SEPTEMBER,Meycauayan,1,Perez Bridge Brgy. Perez Meycauayan Bulacan,14.758216666666666,120.9899638888889,,,2012,9,period_label,2.3,,,32.0,,,,,,,,,"","","","",""
CY 2012 SEPTEMBER,Meycauayan,2,Expressway Bridge Brgy. Langka Meycauayan Bulacan,14.739205555555555,120.97629722222223,,,2012,9,period_label,2.7,,,92.0,,,,,,,,,"","","","",""
CY 2012 SEPTEMBER,Meycauayan,3,Viente Reales Bridge Brgy. Viente Reales Valenzuela City MM,14.730027777777778,120.96511944444445,,,2012,9,period_label,1.2,,,50.0,,,,,,,,,"","","","",""
CY 2012 SEPTEMBER,Meycauayan,4,McArthur Highway Brgy. Banga Meycauayan Bulacan,14.73075,120.96133888888889,,,2012,9,period_label,1.1,,,32.0,,,,,,,,,"","","","",""
CY 2012 SEPTEMBER,Meycauayan,5,Meymart Bridge Brgy. Zamora Meycauayan Bulacan,14.736141666666667,120.95815,,,2012,9,period_label,1.1,,,23.0,,,,,,,,,"","","","",""
CY 2012 OCTOBER,Meycauayan,1,Perez Bridge Brgy. Perez Meycauayan Bulacan,14.758216666666666,120.9899638888889,,,2012,10,period_label,1.4,,,91.0,,,,,,,,,"","","","",""
CY 2012 OCTOBER,Meycauayan,2,Expressway Bridge Brgy. Langka Meycauayan Bulacan,14.739205555555555,120.97629722222223,,,2012,10,period_label,1.7,,,67.0,,,,,,,,,"","","","",""
CY 2012 OCTOBER,Meycauayan,3,Viente Reales Bridge Brgy. Viente Reales Valenzuela City MM,14.730027777777778,120.96511944444445,,,2012,10,period_label,1.1,,,63.0,,,,,,,,,"","","","",""
CY 2012 OCTOBER,Meycauayan,4,McArthur Highway Brgy. Banga Meycauayan Bulacan,14.73075,120.96133888888889,,,2012,10,period_label,1.2,,,90.0,,,,,,,,,"","","","",""
CY 2012 OCTOBER,Meycauayan,5,Meymart Bridge Brgy. Zamora Meycauayan Bulacan,14.736141666666667,120.95815,,,2012,10,period_label,1.4,,,86.0,,,,,,,,,"","","","",""
CY 2012 NOVEMBER,Meycauayan,1,Perez Bridge Brgy. Perez Meycauayan Bulacan,14.758216666666666,120.9899638888889,,,2012,11,period_label,1.5,,,64.0,,,,,,,,,"","","","",""
CY 2012 NOVEMBER,Meycauayan,2,Expressway Bridge Brgy. Langka Meycauayan Bulacan,14.739205555555555,120.97629722222223,,,2012,11,period_label,1.1,,,183.0,,,,,,,,,"","","","",bod_mg_l
CY 2012 NOVEMBER,Meycauayan,3,Viente Reales Bridge Brgy. Viente Reales Valenzuela City MM,14.730027777777778,120.96511944444445,,,2012,11,period_label,1.2,,,101.0,,,,,,,,,"","","","",""
CY 2012 NOVEMBER,Meycauayan,4,McArthur Highway Brgy. Banga Meycauayan Bulacan,14.73075,120.96133888888889,,,2012,11,period_label,1.0,,,117.0,,,,,,,,,"","","","",""
CY 2012 NOVEMBER,Meycauayan,5,Meymart Bridge Brgy. Zamora Meycauayan Bulacan,14.736141666666667,120.95815,,,2012,11,period_label,1.1,,,68.0,,,,,,,,,"","","","",""
CY 2012 DECEMBER,Meycauayan,1,Perez Bridge Brgy. Perez Meycauayan Bulacan,14.758216666666666,120.9899638888889,,,2012,12,period_label,1.7,,,94.0,,,,,,,,,"","","","",""
CY 2012 DECEMBER,Meycauayan,2,Expressway Bridge Brgy. Langka Meycauayan Bulacan,14.739205555555555,120.97629722222223,,,2012,12,period_label,1.5,,,106.0,,,,,,,,,"","","","",""
CY 2012 DECEMBER,Meycauayan,3,Viente Reales Bridge Brgy. Viente Reales Valenzuela City MM,14.730027777777778,120.96511944444445,,,2012,12,period_label,1.3,,,96.0,,,,,,,,,"","","","",""
CY 2012 DECEMBER,Meycauayan,4,McArthur Highway Brgy. Banga Meycauayan Bulacan,14.73075,120.96133888888889,,,2012,12,period_label,1.1,,,94.0,,,,,,,,,"","","","",""
CY 2012 DECEMBER,Meycauayan,5,Meymart Bridge Brgy. Zamora Meycauayan Bulacan,14.736141666666667,120.95815,,,2012,12,period_label,1.2,,,90.0,,,,,,,,,"","","","",""
CY 2013 JANUARY,Meycauayan,1,Perez Bridge Brgy. Perez Meycauayan Bulacan,14.758216666666666,120.9899638888889,2013-01-17,10:31:00,2013,1,date,1.9,8.6,,34.0,114.0,,,7.0e6,28.849,0.161,5.002,,"","","","",tss_mg_l
CY 2013 JANUARY,Meycauayan,2,Expressway Bridge Brgy. Langka Meycauayan Bulacan,14.739205555555555,120.97629722222223,2013-01-17,11:02:00,2013,1,date,1.4,7.8,,143.0,48.0,,,3.5e7,12.394,0.316,3.523,,"","","","",bod_mg_l;total_coliform_mpn
CY 2013 JANUARY,Meycauayan,3,Viente Reales Bridge Brgy. Viente Reales Valenzuela City MM,14.730027777777778,120.96511944444445,2013-01-17,11:22:00,2013,1,date,1.2,8.0,,60.0,37.0,,,3.5e6,13.343,0.228,3.101,,"","","","",""
CY 2013 JANUARY,Meycauayan,4,McArthur Highway Brgy. Banga Meycauayan Bulacan,14.73075,120.96133888888889,2013-01-17,12:01:00,2013,1,date,1.3,7.9,,56.0,34.0,,,1.2e6,13.501,0.224,3.206,,"","","","",""
CY 2013 JANUARY,Meycauayan,5,Meymart Bridge Brgy. Zamora Meycauayan Bulacan,14.736141666666667,120.95815,2013-01-17,12:20:00,2013,1,date,1.1,8.2,,42.0,30.0,,,1.6e7,13.343,0.183,3.154,,"","","","",""
CY 2013 FEBRUARY,Meycauayan,1,Perez Bridge Brgy. Perez Meycauayan Bulacan,14.758216666666666,120.9899638888889,2013-02-06,10:55:00,2013,2,date,1.01,8.49,,58.0,77.0,,,1.1e7,17.711,0.161,6.247,,"","","","",tss_mg_l;phosphates_mg_l
CY 2013 FEBRUARY,Meycauayan,2,Expressway Bridge Brgy. Langka Meycauayan Bulacan,14.739205555555555,120.97629722222223,2013-02-06,11:35:00,2013,2,date,0.92,8.16,,100.0,72.0,,,3.5e7,11.395,0.359,2.289,,"","","","",tss_mg_l;total_coliform_mpn
CY 2013 FEBRUARY,Meycauayan,3,Viente Reales Bridge Brgy. Viente Reales Valenzuela City MM,14.730027777777778,120.96511944444445,2013-02-06,11:53:00,2013,2,date,0.73,8.07,,50.0,64.0,,,5.4e7,11.609,0.073,21.756,,"","","","",tss_mg_l;total_coliform_mpn;phosphates_mg_l
CY 2013 FEBRUARY,Meycauayan,4,McArthur Highway Brgy. Banga Meycauayan Bulacan,14.73075,120.96133888888889,2013-02-06,12:14:00,2013,2,date,0.56,8.7,,56.0,52.0,,,2.4e7,15.489,0.112,4.088,,"","","","",total_coliform_mpn
CY 2013 FEBRUARY,Meycauayan,5,Meymart Bridge Brgy. Zamora Meycauayan Bulacan,14.736141666666667,120.95815,2013-02-06,12:35:00,2013,2,date,1.0,8.79,,46.0,53.0,,,4.6e6,14.017,0.054,2.973,,"","","","",""
CY 2013 MARCH,Meycauayan,1,Perez Bridge Brgy. Perez Meycauayan Bulacan,14.758216666666666,120.9899638888889,2013-03-13,10:43:00,2013,3,date,1.4,8.6,,88.0,121.0,,,9.2e6,23.846,0.173,4.384,,"","","","",tss_mg_l
CY 2013 MARCH,Meycauayan,2,Expressway Bridge Brgy. Langka Meycauayan Bulacan,14.739205555555555,120.97629722222223,2013-03-13,11:15:00,2013,3,date,1.3,8.4,,96.0,58.0,,,340000.0,13.11,0.049,3.43,,"","","","",""
CY 2013 MARCH,Meycauayan,3,Viente Reales Bridge Brgy. Viente Reales Valenzuela City MM,14.730027777777778,120.96511944444445,2013-03-13,11:40:00,2013,3,date,1.2,8.3,,68.0,48.0,,,9.2e6,13.918,0.06,3.728,,"","","","",""
CY 2013 MARCH,Meycauayan,4,McArthur Highway Brgy. Banga Meycauayan Bulacan,14.73075,120.96133888888889,2013-03-13,12:08:00,2013,3,date,1.1,8.2,,50.0,53.0,,,1.7e6,12.496,0.059,3.311,,"","","","",""
CY 2013 MARCH,Meycauayan,5,Meymart Bridge Brgy. Zamora Meycauayan Bulacan,14.736141666666667,120.95815,2013-03-13,12:24:00,2013,3,date,1.01,8.1,,44.0,58.0,,,9.2e6,13.498,0.062,3.251,,"","","","",""
CY 2013 APRIL,Meycauayan,1,Perez Bridge Brgy. Perez Meycauayan Bulacan,14.758216666666666,120.9899638888889,2013-04-24,10:35:00,2013,4,date,1.2,8.1,,51.0,43.0,,,1.6e7,26.318,0.297,6.242,,"","","","",phosphates_mg_l
CY 2013 APRIL,Meycauayan,2,Expressway Bridge Brgy. Langka Meycauayan Bulacan,14.739205555555555,120.97629722222223,2013-04-24,11:00:00,2013,4,date,0.8,8.2,,57.0,60.0,,,3.5e7,12.412,0.206,2.308,,"","","","",total_coliform_mpn
CY 2013 APRIL,Meycauayan,3,Viente Reales Bridge Brgy. Viente Reales Valenzuela City MM,14.730027777777778,120.96511944444445,2013-04-24,11:28:00,2013,4,date,0.9,8.4,,270.0,280.0,,,1.6e8,7.719,0.117,2.343,,"","","","",bod_mg_l;tss_mg_l;total_coliform_mpn
CY 2013 APRIL,Meycauayan,4,McArthur Highway Brgy. Banga Meycauayan Bulacan,14.73075,120.96133888888889,2013-04-24,11:54:00,2013,4,date,1.1,8.1,,38.0,56.0,,,2.8e6,10.706,0.106,4.024,,"","","","",""
CY 2013 APRIL,Meycauayan,5,Meymart Bridge Brgy. Zamora Meycauayan Bulacan,14.736141666666667,120.95815,2013-04-24,00:18:00,2013,4,date,1.3,8.2,,32.0,58.0,,,920000.0,11.509,0.089,2.951,,"","","","",""
CY 2013 MAY,Meycauayan,1,Perez Bridge Brgy. Perez Meycauayan Bulacan,14.758216666666666,120.9899638888889,2013-05-15,10:45:00,2013,5,date,1.7,8.6,,8.0,145.0,,,2.4e7,3.896,0.231,0.9,,"","","","",tss_mg_l;total_coliform_mpn
CY 2013 MAY,Meycauayan,2,Expressway Bridge Brgy. Langka Meycauayan Bulacan,14.739205555555555,120.97629722222223,2013-05-15,11:00:00,2013,5,date,1.3,8.1,,29.0,90.0,,,2.4e7,9.618,0.114,1.125,,"","","","",tss_mg_l;total_coliform_mpn
CY 2013 MAY,Meycauayan,3,Viente Reales Bridge Brgy. Viente Reales Valenzuela City MM,14.730027777777778,120.96511944444445,2013-05-15,11:26:00,2013,5,date,1.2,8.03,,27.0,80.0,,,3.5e7,9.565,0.106,1.075,,"","","","",tss_mg_l;total_coliform_mpn
CY 2013 MAY,Meycauayan,4,McArthur Highway Brgy. Banga Meycauayan Bulacan,14.73075,120.96133888888889,2013-05-15,11:57:00,2013,5,date,1.1,8.3,,33.0,20.0,,,1.6e7,9.934,0.148,0.25,,"","","","",""
CY 2013 MAY,Meycauayan,5,Meymart Bridge Brgy. Zamora Meycauayan Bulacan,14.736141666666667,120.95815,2013-05-15,12:13:00,2013,5,date,0.9,8.5,,23.0,80.0,,,1.7e7,10.409,0.141,0.25,,"","","","",tss_mg_l
CY 2013 JUNE,Meycauayan,1,Perez Bridge Brgy. Perez Meycauayan Bulacan,14.758216666666666,120.9899638888889,2013-06-05,11:45:00,2013,6,date,2.1,8.07,,54.0,28.0,,,1.7e7,24.844,0.168,4.665,,"","","","",""
CY 2013 JUNE,Meycauayan,2,Expressway Bridge Brgy. Langka Meycauayan Bulacan,14.739205555555555,120.97629722222223,2013-06-05,11:05:00,2013,6,date,1.1,8.09,,46.0,38.0,,,2.4e6,28.202,0.378,3.708,,"","","","",""
CY 2013 JUNE,Meycauayan,3,Viente Reales Bridge Brgy. Viente Reales Valenzuela City MM,14.730027777777778,120.96511944444445,2013-06-05,11:36:00,2013,6,date,1.4,8.04,,45.0,31.0,,,1.1e7,12.48,0.294,3.315,,"","","","",""
CY 2013 JUNE,Meycauayan,4,McArthur Highway Brgy. Banga Meycauayan Bulacan,14.73075,120.96133888888889,2013-06-05,11:59:00,2013,6,date,1.2,8.1,,38.0,33.0,,,2.4e6,12.862,0.569,3.765,,"","","","",""
CY 2013 JUNE,Meycauayan,5,Meymart Bridge Brgy. Zamora Meycauayan Bulacan,14.736141666666667,120.95815,2013-06-05,12:23:00,2013,6,date,0.9,8.0,,47.0,40.0,,,3.5e6,17.085,0.41,3.089,,"","","","",""
CY 2013 JULY,Meycauayan,1,Perez Bridge Brgy. Perez Meycauayan Bulacan,14.758216666666666,120.9899638888889,2013-07-04,10:46:00,2013,7,date,1.6,7.9,,120.0,5.0,,,1.7e7,5.425,0.264,1.377,,"","","","",""
CY 2013 JULY,Meycauayan,2,Expressway Bridge Brgy. Langka Meycauayan Bulacan,14.739205555555555,120.97629722222223,2013-07-04,11:20:00,2013,7,date,1.1,7.6,,8.0,29.0,,,2.4e7,5.378,0.265,1.139,,"","","","",total_coliform_mpn
CY 2013 JULY,Meycauayan,3,Viente Reales Bridge Brgy. Viente Reales Valenzuela City MM,14.730027777777778,120.96511944444445,2013-07-04,11:50:00,2013,7,date,1.2,6.6,,36.0,11.0,,,1.6e8,7.214,0.121,1.496,,"","","","",total_coliform_mpn
CY 2013 JULY,Meycauayan,4,McArthur Highway Brgy. Banga Meycauayan Bulacan,14.73075,120.96133888888889,2013-07-04,12:16:00,2013,7,date,1.3,6.8,,40.0,19.0,,,9.2e7,4.389,0.139,1.536,,"","","","",total_coliform_mpn
CY 2013 JULY,Meycauayan,5,Meymart Bridge Brgy. Zamora Meycauayan Bulacan,14.736141666666667,120.95815,2013-07-04,12:36:00,2013,7,date,0.9,6.4,,40.0,11.0,,,3.5e9,6.084,0.598,1.457,,"","","","",total_coliform_mpn
CY 2013 AUGUST,Meycauayan,1,Perez Bridge Brgy. Perez Meycauayan Bulacan,14.758216666666666,120.9899638888889,2013-08-07,09:57:00,2013,8,date,1.8,6.4,,13.0,21.0,,,2.4e7,5.663,0.334,0.834,,"","","","",total_coliform_mpn
CY 2013 AUGUST,Meycauayan,2,Expressway Bridge Brgy. Langka Meycauayan Bulacan,14.739205555555555,120.97629722222223,2013-08-07,10:22:00,2013,8,date,1.6,6.6,,16.0,24.0,,,7.0e6,5.985,0.09,0.967,,"","","","",""
CY 2013 AUGUST,Meycauayan,3,Viente Reales Bridge Brgy. Viente Reales Valenzuela City MM,14.730027777777778,120.96511944444445,2013-08-07,10:35:00,2013,8,date,1.9,6.3,,20.0,19.0,,,1.6e8,21.723,0.042,0.984,,"","","","",total_coliform_mpn
CY 2013 AUGUST,Meycauayan,4,McArthur Highway Brgy. Banga Meycauayan Bulacan,14.73075,120.96133888888889,2013-08-07,10:56:00,2013,8,date,1.4,6.2,,12.0,21.0,,,2.4e6,20.965,0.037,1.067,,"","","","",""
CY 2013 AUGUST,Meycauayan,5,Meymart Bridge Brgy. Zamora Meycauayan Bulacan,14.736141666666667,120.95815,2013-08-07,11:13:00,2013,8,date,1.2,6.3,,8.0,17.0,,,9.2e6,6.481,0.031,1.067,,"","","","",""
CY 2013 SEPTEMBER,Meycauayan,1,Perez Bridge Brgy. Perez Meycauayan Bulacan,14.758216666666666,120.9899638888889,2013-09-04,10:37:00,2013,9,date,2.8,6.1,,9.0,60.0,,,3.5e6,2.649,0.5,0.333,,"","","","",""
CY 2013 SEPTEMBER,Meycauayan,2,Expressway Bridge Brgy. Langka Meycauayan Bulacan,14.739205555555555,120.97629722222223,2013-09-04,11:03:00,2013,9,date,1.8,6.2,,22.0,55.0,,,170.0,2.649,0.305,0.35,,"","","","",""
CY 2013 SEPTEMBER,Meycauayan,3,Viente Reales Bridge Brgy. Viente Reales Valenzuela City MM,14.730027777777778,120.96511944444445,2013-09-04,11:34:00,2013,9,date,1.1,6.3,,35.0,30.0,,,5.4e7,2.255,0.05,0.4,,nitrates_mg_l,"","","",total_coliform_mpn
CY 2013 SEPTEMBER,Meycauayan,4,McArthur Highway Brgy. Banga Meycauayan Bulacan,14.73075,120.96133888888889,2013-09-04,12:05:00,2013,9,date,1.2,6.2,,48.0,40.0,,,3.5e7,3.131,0.05,0.467,,nitrates_mg_l,"","","",total_coliform_mpn
CY 2013 SEPTEMBER,Meycauayan,5,Meymart Bridge Brgy. Zamora Meycauayan Bulacan,14.736141666666667,120.95815,2013-09-04,12:26:00,2013,9,date,0.9,6.1,,47.0,25.0,,,3.5e7,3.81,0.05,0.6,,nitrates_mg_l,"","","",total_coliform_mpn
CY 2013 OCTOBER,Meycauayan,1,Perez Bridge Brgy. Perez Meycauayan Bulacan,14.758216666666666,120.9899638888889,2013-10-16,10:44:00,2013,10,date,3.78,6.95,,7.0,44.0,,,3.5e9,2.513,0.342,0.149,,"","","","",total_coliform_mpn
CY 2013 OCTOBER,Meycauayan,2,Expressway Bridge Brgy. Langka Meycauayan Bulacan,14.739205555555555,120.97629722222223,2013-10-16,11:10:00,2013,10,date,2.81,7.1,,11.0,35.0,,,9.2e7,1.144,0.65,0.196,,"","","","",total_coliform_mpn
CY 2013 OCTOBER,Meycauayan,3,Viente Reales Bridge Brgy. Viente Reales Valenzuela City MM,14.730027777777778,120.96511944444445,2013-10-16,11:47:00,2013,10,date,1.73,6.8,,27.0,13.0,,,2.4e7,4.5,0.144,0.307,,"","","","",total_coliform_mpn
CY 2013 OCTOBER,Meycauayan,4,McArthur Highway Brgy. Banga Meycauayan Bulacan,14.73075,120.96133888888889,2013-10-16,12:12:00,2013,10,date,1.6,6.9,,42.0,24.0,,,5.4e8,3.426,0.119,0.529,,"","","","",total_coliform_mpn
CY 2013 OCTOBER,Meycauayan,5,Meymart Bridge Brgy. Zamora Meycauayan Bulacan,14.736141666666667,120.95815,2013-10-16,12:25:00,2013,10,date,1.4,6.82,,42.0,37.0,,,4.6e7,3.319,0.138,0.576,,"","","","",total_coliform_mpn
CY 2013 NOVEMBER,Meycauayan,1,Perez Bridge Brgy. Perez Meycauayan Bulacan,14.758216666666666,120.9899638888889,2013-11-14,11:20:00,2013,11,date,3.1,7.78,,14.0,11.0,,,1.6e7,12.184,0.285,1.117,,"","","","",""
CY 2013 NOVEMBER,Meycauayan,2,Expressway Bridge Brgy. Langka Meycauayan Bulacan,14.739205555555555,120.97629722222223,2013-11-14,11:31:00,2013,11,date,1.1,7.26,,97.0,34.0,,,9.2e6,12.315,0.259,1.601,,"","","","",""
CY 2013 NOVEMBER,Meycauayan,3,Viente Reales Bridge Brgy. Viente Reales Valenzuela City MM,14.730027777777778,120.96511944444445,2013-11-14,11:52:00,2013,11,date,1.2,7.21,,123.0,23.0,,,3.5e7,12.06,0.252,1.501,,"","","","",total_coliform_mpn
CY 2013 NOVEMBER,Meycauayan,4,McArthur Highway Brgy. Banga Meycauayan Bulacan,14.73075,120.96133888888889,2013-11-14,12:06:00,2013,11,date,0.9,7.51,,169.0,27.0,,,1.1e7,11.11,0.249,1.067,,"","","","",bod_mg_l
CY 2013 NOVEMBER,Meycauayan,5,Meymart Bridge Brgy. Zamora Meycauayan Bulacan,14.736141666666667,120.95815,2013-11-14,12:18:00,2013,11,date,0.8,7.89,,87.0,21.0,,,1.6e7,11.859,0.379,1.067,,"","","","",""
CY 2013 DECEMBER,Meycauayan,1,Perez Bridge Brgy. Perez Meycauayan Bulacan,14.758216666666666,120.9899638888889,2013-12-11,09:40:00,2013,12,date,0.85,8.51,,102.0,25.0,,,3.5e7,8.057,0.134,4.68,,"","","","",total_coliform_mpn
CY 2013 DECEMBER,Meycauayan,2,Expressway Bridge Brgy. Langka Meycauayan Bulacan,14.739205555555555,120.97629722222223,2013-12-11,10:12:00,2013,12,date,0.25,7.94,,144.0,74.0,,,1.6e7,7.187,0.272,1.414,,"","","","",bod_mg_l;tss_mg_l
CY 2013 DECEMBER,Meycauayan,3,Viente Reales Bridge Brgy. Viente Reales Valenzuela City MM,14.730027777777778,120.96511944444445,2013-12-11,10:37:00,2013,12,date,0.45,8.05,,61.0,29.0,,,5.4e7,5.957,0.075,1.522,,"","","","",total_coliform_mpn
CY 2013 DECEMBER,Meycauayan,4,McArthur Highway Brgy. Banga Meycauayan Bulacan,14.73075,120.96133888888889,2013-12-11,11:08:00,2013,12,date,0.46,8.6,,127.0,38.0,,,3.5e7,6.063,0.156,3.088,,"","","","",bod_mg_l;total_coliform_mpn
CY 2013 DECEMBER,Meycauayan,5,Meymart Bridge Brgy. Zamora Meycauayan Bulacan,14.736141666666667,120.95815,2013-12-11,11:34:00,2013,12,date,0.53,8.94,,87.0,24.0,,,5.4e6,5.483,0.105,2.548,,"","","","",""
CY 2014 JANUARY,Meycauayan,1,Perez Bridge Brgy. Perez Meycauayan Bulacan,14.758216666666666,120.9899638888889,2014-01-22,10:31:00,2014,1,date,0.15,8.57,,87.0,7.0,,,1.6e7,7.611,0.102,0.956,,"","","","",""
CY 2014 JANUARY,Meycauayan,2,Expressway Bridge Brgy. Langka Meycauayan Bulacan,14.739205555555555,120.97629722222223,2014-01-22,11:04:00,2014,1,date,0.1,7.87,,270.0,18.0,,,1.1e7,5.708,0.102,0.293,,"","","","",bod_mg_l
CY 2014 JANUARY,Meycauayan,3,Viente Reales Bridge Brgy. Viente Reales Valenzuela City MM,14.730027777777778,120.96511944444445,2014-01-22,11:34:00,2014,1,date,0.16,7.95,,107.0,39.0,,,1.6e8,3.472,0.1,0.315,,"","","","",total_coliform_mpn
CY 2014 JANUARY,Meycauayan,4,McArthur Highway Brgy. Banga Meycauayan Bulacan,14.73075,120.96133888888889,2014-01-22,12:01:00,2014,1,date,0.28,8.54,,112.0,27.0,,,5.4e7,5.771,0.099,0.635,,"","","","",total_coliform_mpn
CY 2014 JANUARY,Meycauayan,5,Meymart Bridge Brgy. Zamora Meycauayan Bulacan,14.736141666666667,120.95815,2014-01-22,12:23:00,2014,1,date,0.39,8.7,,79.0,17.0,,,1.6e7,5.159,0.134,0.525,,"","","","",""
CY 2014 FEBRUARY,Meycauayan,1,Perez Bridge Brgy. Perez Meycauayan Bulacan,14.758216666666666,120.9899638888889,2014-02-12,10:35:00,2014,2,date,0.58,8.56,,73.0,64.0,,,3.5e7,3.272,1.009,1.17,,"","","","",tss_mg_l;total_coliform_mpn;nitrates_mg_l
CY 2014 FEBRUARY,Meycauayan,2,Expressway Bridge Brgy. Langka Meycauayan Bulacan,14.739205555555555,120.97629722222223,2014-02-12,11:05:00,2014,2,date,0.37,8.15,,73.0,40.0,,,2.4e6,3.607,0.358,1.091,,"","","","",""
CY 2014 FEBRUARY,Meycauayan,3,Viente Reales Bridge Brgy. Viente Reales Valenzuela City MM,14.730027777777778,120.96511944444445,2014-02-12,11:20:00,2014,2,date,0.16,8.05,,53.0,24.0,,,3.5e6,2.641,0.741,2.222,,"","","","",nitrates_mg_l
CY 2014 FEBRUARY,Meycauayan,4,McArthur Highway Brgy. Banga Meycauayan Bulacan,14.73075,120.96133888888889,2014-02-12,12:00:00,2014,2,date,0.45,8.47,,117.0,39.0,,,1600.0,0.609,0.741,2.406,,"",total_coliform_mpn,"","",nitrates_mg_l
CY 2014 FEBRUARY,Meycauayan,5,Meymart Bridge Brgy. Zamora Meycauayan Bulacan,14.736141666666667,120.95815,2014-02-12,12:24:00,2014,2,date,0.39,8.4,,74.0,25.0,,,1600.0,0.675,0.741,2.433,,"",total_coliform_mpn,"","",nitrates_mg_l
CY 2014 MARCH,Meycauayan,1,Perez Bridge Brgy. Perez Meycauayan Bulacan,14.758216666666666,120.9899638888889,2014-03-05,10:07:00,2014,3,date,1.6,8.65,,47.0,26.0,,,1.3e7,28.391,0.111,3.653,,"","","","",""
CY 2014 MARCH,Meycauayan,2,Expressway Bridge Brgy. Langka Meycauayan Bulacan,14.739205555555555,120.97629722222223,2014-03-05,10:46:00,2014,3,date,0.2,8.25,,56.0,56.0,,,2.4e7,8.697,0.519,1.452,,"","","","",total_coliform_mpn
CY 2014 MARCH,Meycauayan,3,Viente Reales Bridge Brgy. Viente Reales Valenzuela City MM,14.730027777777778,120.96511944444445,2014-03-05,11:16:00,2014,3,date,0.26,8.12,,51.0,29.0,,,2.1e6,9.188,0.519,1.303,,"","","","",""
CY 2014 MARCH,Meycauayan,4,McArthur Highway Brgy. Banga Meycauayan Bulacan,14.73075,120.96133888888889,2014-03-05,12:05:00,2014,3,date,0.45,8.47,,37.0,31.0,,,3.3e6,13.697,0.048,2.01,,nitrates_mg_l,"","","",""
CY 2014 MARCH,Meycauayan,5,Meymart Bridge Brgy. Zamora Meycauayan Bulacan,14.736141666666667,120.95815,2014-03-05,12:24:00,2014,3,date,0.43,8.49,,40.0,27.0,,,2.3e6,14.619,0.184,1.992,,"","","","",""
CY 2014 APRIL,Meycauayan,1,Perez Bridge Brgy. Perez Meycauayan Bulacan,14.758216666666666,120.9899638888889,2014-04-23,09:23:00,2014,4,date,1.45,8.46,,48.0,16.0,,,1.6e7,11.667,0.284,5.679,,"",total_coliform_mpn,"","",""
CY 2014 APRIL,Meycauayan,2,Expressway Bridge Brgy. Langka Meycauayan Bulacan,14.739205555555555,120.97629722222223,2014-04-23,10:10:00,2014,4,date,0.0,8.36,,56.0,118.0,,,1.3e7,9.258,1.113,2.454,,"","","","",tss_mg_l;nitrates_mg_l
CY 2014 APRIL,Meycauayan,3,Viente Reales Bridge Brgy. Viente Reales Valenzuela City MM,14.730027777777778,120.96511944444445,2014-04-23,10:47:00,2014,4,date,0.15,8.15,,48.0,29.0,,,9.2e7,13.131,0.516,2.947,,"","","","",total_coliform_mpn
CY 2014 APRIL,Meycauayan,4,McArthur Highway Brgy. Banga Meycauayan Bulacan,14.73075,120.96133888888889,2014-04-23,11:48:00,2014,4,date,0.08,8.19,,25.0,48.0,,,1.7e6,12.791,0.514,3.163,,"","","","",""
CY 2014 APRIL,Meycauayan,5,Meymart Bridge Brgy. Zamora Meycauayan Bulacan,14.736141666666667,120.95815,2014-04-23,12:04:00,2014,4,date,0.1,8.33,,17.0,43.0,,,540000.0,14.177,0.564,3.217,,"","","","",""
CY 2014 MAY,Meycauayan,1,Perez Bridge Brgy. Perez Meycauayan Bulacan,14.758216666666666,120.9899638888889,2014-05-27,12:30:00,2014,5,date,2.13,8.35,,40.0,8.0,,,9.2e6,23.54,0.268,2.976,,"","","","",""
CY 2014 MAY,Meycauayan,2,Expressway Bridge Brgy. Langka Meycauayan Bulacan,14.739205555555555,120.97629722222223,2014-05-27,13:04:00,2014,5,date,0.0,7.65,,34.0,89.0,,,9.2e6,16.791,0.288,1.636,,"","","","",tss_mg_l
CY 2014 MAY,Meycauayan,3,Viente Reales Bridge Brgy. Viente Reales Valenzuela City MM,14.730027777777778,120.96511944444445,2014-05-27,13:31:00,2014,5,date,0.09,7.54,,67.0,27.0,,,7.0e6,11.6,0.274,1.428,,"","","","",""
CY 2014 MAY,Meycauayan,4,McArthur Highway Brgy. Banga Meycauayan Bulacan,14.73075,120.96133888888889,2014-05-27,13:49:00,2014,5,date,0.09,7.59,,48.0,39.0,,,790000.0,15.362,0.205,2.227,,"","","","",""
CY 2014 MAY,Meycauayan,5,Meymart Bridge Brgy. Zamora Meycauayan Bulacan,14.736141666666667,120.95815,2014-05-27,14:10:00,2014,5,date,0.14,7.74,,40.0,28.0,,,460000.0,15.244,0.194,2.46,,"","","","",""
CY 2014 JUNE,Meycauayan,1,Perez Bridge Brgy. Perez Meycauayan Bulacan,14.758216666666666,120.9899638888889,2014-06-11,10:53:00,2014,6,date,2.9,8.32,,9.0,19.0,,,3.5e6,8.882,0.743,0.292,,"","","","",nitrates_mg_l
CY 2014 JUNE,Meycauayan,2,Expressway Bridge Brgy. Langka Meycauayan Bulacan,14.739205555555555,120.97629722222223,2014-06-11,11:24:00,2014,6,date,0.28,7.38,,12.0,24.0,,,3.5e6,10.45,0.279,0.195,,"","","","",""
CY 2014 JUNE,Meycauayan,3,Viente Reales Bridge Brgy. Viente Reales Valenzuela City MM,14.730027777777778,120.96511944444445,2014-06-11,11:48:00,2014,6,date,0.35,7.31,,13.0,28.0,,,9.2e6,10.085,0.234,0.206,,"","","","",""
CY 2014 JUNE,Meycauayan,4,McArthur Highway Brgy. Banga Meycauayan Bulacan,14.73075,120.96133888888889,2014-06-11,12:15:00,2014,6,date,0.1,7.47,,15.0,13.0,,,9.2e6,10.369,0.142,0.166,,"","","","",""
CY 2014 JUNE,Meycauayan,5,Meymart Bridge Brgy. Zamora Meycauayan Bulacan,14.736141666666667,120.95815,2014-06-11,12:35:00,2014,6,date,0.21,7.3,,13.0,21.0,,,2.4e6,10.101,0.145,0.753,,"","","","",""
CY 2014 JULY,Meycauayan,1,Perez Bridge Brgy. Perez Meycauayan Bulacan,14.758216666666666,120.9899638888889,2014-07-03,08:50:00,2014,7,date,2.1,7.75,,13.0,9.0,,,3.5e6,7.643,0.217,0.919,,"","","","",""
CY 2014 JULY,Meycauayan,2,Expressway Bridge Brgy. Langka Meycauayan Bulacan,14.739205555555555,120.97629722222223,2014-07-03,09:19:00,2014,7,date,1.08,7.73,,7.0,24.0,,,1.7e7,4.976,1.103,1.335,,"","","","",nitrates_mg_l
CY 2014 JULY,Meycauayan,3,Viente Reales Bridge Brgy. Viente Reales Valenzuela City MM,14.730027777777778,120.96511944444445,2014-07-03,09:45:00,2014,7,date,0.32,7.4,,11.0,33.0,,,1.6e7,4.57,1.218,1.33,,"","","","",nitrates_mg_l
CY 2014 JULY,Meycauayan,4,McArthur Highway Brgy. Banga Meycauayan Bulacan,14.73075,120.96133888888889,2014-07-03,10:11:00,2014,7,date,0.21,7.07,,4.0,20.0,,,2.2e7,4.96,1.146,0.898,,"","","","",total_coliform_mpn;nitrates_mg_l
CY 2014 JULY,Meycauayan,5,Meymart Bridge Brgy. Zamora Meycauayan Bulacan,14.736141666666667,120.95815,2014-07-03,10:34:00,2014,7,date,0.32,7.18,,57.0,21.0,,,9.2e6,5.483,1.166,0.89,,"","","","",nitrates_mg_l
CY 2014 AUGUST,Meycauayan,1,Perez Bridge Brgy. Perez Meycauayan Bulacan,14.758216666666666,120.9899638888889,2014-08-13,10:30:00,2014,8,date,1.1,7.96,,24.0,27.0,,,3.5e6,18.785,0.315,4.333,,"","","","",""
CY 2014 AUGUST,Meycauayan,2,Expressway Bridge Brgy. Langka Meycauayan Bulacan,14.739205555555555,120.97629722222223,2014-08-13,10:50:00,2014,8,date,0.29,7.41,,24.0,19.0,,,790000.0,9.388,0.241,3.097,,"","","","",""
CY 2014 AUGUST,Meycauayan,3,Viente Reales Bridge Brgy. Viente Reales Valenzuela City MM,14.730027777777778,120.96511944444445,2014-08-13,11:30:00,2014,8,date,0.41,7.42,,44.0,26.0,,,790000.0,9.775,0.315,3.19,,"","","","",""
CY 2014 AUGUST,Meycauayan,4,McArthur Highway Brgy. Banga Meycauayan Bulacan,14.73075,120.96133888888889,2014-08-13,12:01:00,2014,8,date,0.11,7.58,,28.0,14.0,,,1.4e6,9.448,0.296,3.174,,"","","","",""
CY 2014 AUGUST,Meycauayan,5,Meymart Bridge Brgy. Zamora Meycauayan Bulacan,14.736141666666667,120.95815,2014-08-13,12:15:00,2014,8,date,0.32,7.39,,26.0,19.0,,,2.4e6,10.181,0.426,3.129,,"","","","",""
CY 2014 SEPTEMBER,Meycauayan,1,Perez Bridge Brgy. Perez Meycauayan Bulacan,14.758216666666666,120.9899638888889,2014-09-11,11:50:00,2014,9,date,2.5,7.97,,23.0,11.0,,,5.4e6,18.133,0.185,6.13,,"","","","",phosphates_mg_l
CY 2014 SEPTEMBER,Meycauayan,2,Expressway Bridge Brgy. Langka Meycauayan Bulacan,14.739205555555555,120.97629722222223,2014-09-11,12:15:00,2014,9,date,0.44,7.54,,9.0,5.0,,,5.4e6,12.815,0.218,8.134,,"","","","",phosphates_mg_l
CY 2014 SEPTEMBER,Meycauayan,3,Viente Reales Bridge Brgy. Viente Reales Valenzuela City MM,14.730027777777778,120.96511944444445,2014-09-11,12:40:00,2014,9,date,0.39,7.72,,33.0,8.0,,,5.4e6,16.057,0.152,5.407,,"","","","",""
CY 2014 SEPTEMBER,Meycauayan,4,McArthur Highway Brgy. Banga Meycauayan Bulacan,14.73075,120.96133888888889,2014-09-11,13:01:00,2014,9,date,0.31,7.8,,20.0,5.0,,,9.2e6,16.962,0.287,1.8,,"","","","",""
CY 2014 SEPTEMBER,Meycauayan,5,Meymart Bridge Brgy. Zamora Meycauayan Bulacan,14.736141666666667,120.95815,2014-09-11,13:16:00,2014,9,date,0.22,7.82,,13.0,6.0,,,1.6e7,13.21,0.213,1.494,,"","","","",""
CY 2014 OCTOBER,Meycauayan,1,Perez Bridge Brgy. Perez Meycauayan Bulacan,14.758216666666666,120.9899638888889,2016-10-17,09:45:00,2016,10,date,3.2,7.82,,10.0,10.0,,,1.3e6,5.754,0.419,1.035,,"","","","",""
CY 2014 OCTOBER,Meycauayan,2,Expressway Bridge Brgy. Langka Meycauayan Bulacan,14.739205555555555,120.97629722222223,2016-10-17,10:20:00,2016,10,date,0.31,7.59,,22.0,23.0,,,2.4e6,3.626,0.362,1.124,,"","","","",""
CY 2014 OCTOBER,Meycauayan,3,Viente Reales Bridge Brgy. Viente Reales Valenzuela City MM,14.730027777777778,120.96511944444445,2016-10-17,10:50:00,2016,10,date,0.51,7.57,,30.0,13.0,,,230000.0,6.484,0.199,1.029,,"","","","",""
CY 2014 OCTOBER,Meycauayan,4,McArthur Highway Brgy. Banga Meycauayan Bulacan,14.73075,120.96133888888889,2016-10-17,11:11:00,2016,10,date,0.15,7.46,,36.0,11.0,,,1.6e7,7.086,0.282,0.928,,"",total_coliform_mpn,"","",""
CY 2014 OCTOBER,Meycauayan,5,Meymart Bridge Brgy. Zamora Meycauayan Bulacan,14.736141666666667,120.95815,2016-10-17,11:30:00,2016,10,date,0.18,7.71,,44.0,13.0,,,5.4e6,14.881,0.048,1.437,,"","","",ammonia_mg_l;nitrates_mg_l;phosphates_mg_l,""
CY 2014 NOVEMBER,Meycauayan,1,Perez Bridge Brgy. Perez Meycauayan Bulacan,14.758216666666666,120.9899638888889,2014-11-13,10:31:00,2014,11,date,0.8,8.17,,33.0,17.0,,,2.4e7,29.438,0.617,5.321,,"","","","",total_coliform_mpn
CY 2014 NOVEMBER,Meycauayan,2,Expressway Bridge Brgy. Langka Meycauayan Bulacan,14.739205555555555,120.97629722222223,2014-11-13,10:49:00,2014,11,date,0.05,7.64,,29.0,33.0,,,2.4e6,16.387,0.381,4.294,,"","","","",""
CY 2014 NOVEMBER,Meycauayan,3,Viente Reales Bridge Brgy. Viente Reales Valenzuela City MM,14.730027777777778,120.96511944444445,2014-11-13,11:12:00,2014,11,date,0.0,7.79,,46.0,35.0,,,4.6e6,16.406,0.574,4.508,,"","","","",""
CY 2014 NOVEMBER,Meycauayan,4,McArthur Highway Brgy. Banga Meycauayan Bulacan,14.73075,120.96133888888889,2014-11-13,11:35:00,2014,11,date,0.0,7.91,,48.0,16.0,,,1.4e7,16.708,0.619,4.465,,"","","","",""
CY 2014 NOVEMBER,Meycauayan,5,Meymart Bridge Brgy. Zamora Meycauayan Bulacan,14.736141666666667,120.95815,2014-11-13,11:54:00,2014,11,date,0.0,7.94,,47.0,15.0,,,4.6e6,15.464,0.4,4.396,,"","","","",""
CY 2014 DECEMBER,Meycauayan,1,Perez Bridge Brgy. Perez Meycauayan Bulacan,14.758216666666666,120.9899638888889,2014-12-12,09:35:00,2014,12,date,1.16,7.71,,28.0,22.0,,,1.7e7,20.841,0.159,2.641,,"","","","",""
CY 2014 DECEMBER,Meycauayan,2,Expressway Bridge Brgy. Langka Meycauayan Bulacan,14.739205555555555,120.97629722222223,2014-12-12,09:54:00,2014,12,date,0.1,7.62,,81.0,23.0,,,1.6e7,16.502,0.212,2.382,,"","","","",""
CY 2014 DECEMBER,Meycauayan,3,Viente Reales Bridge Brgy. Viente Reales Valenzuela City MM,14.730027777777778,120.96511944444445,2014-12-12,10:19:00,2014,12,date,0.0,7.92,,80.0,26.0,,,9.2e6,16.319,0.309,2.635,,"","","","",""
CY 2014 DECEMBER,Meycauayan,4,McArthur Highway Brgy. Banga Meycauayan Bulacan,14.73075,120.96133888888889,2014-12-12,10:41:00,2014,12,date,0.0,7.98,,75.0,17.0,,,9.2e6,16.571,0.346,2.573,,"","","","",""
CY 2014 DECEMBER,Meycauayan,5,Meymart Bridge Brgy. Zamora Meycauayan Bulacan,14.736141666666667,120.95815,2014-12-12,10:56:00,2014,12,date,0.0,8.09,,76.0,27.0,,,3.5e6,14.613,0.175,2.604,,"","","","",""
CY 2015 JANUARY,Meycauayan,1,Perez Bridge Brgy. Perez Meycauayan Bulacan,14.758216666666666,120.9899638888889,2015-01-21,,2015,1,date,0.0,7.89,,54.0,20.0,,,5.4e6,13.405000000000001,0.184,1.834,,"","","",ph;bod_mg_l;tss_mg_l;total_coliform_mpn;ammonia_mg_l;nitrates_mg_l;phosphates_mg_l,""
CY 2015 JANUARY,Meycauayan,2,Expressway Bridge Brgy. Langka Meycauayan Bulacan,14.739205555555555,120.97629722222223,2015-01-21,10:55:00,2015,1,date,0.0,7.91,,105.0,22.0,,,9.2e6,15.583,0.048,2.262,,nitrates_mg_l,"","","",""
CY 2015 JANUARY,Meycauayan,3,Viente Reales Bridge Brgy. Viente Reales Valenzuela City MM,14.730027777777778,120.96511944444445,2015-01-21,,2015,1,date,0.0,7.46,,62.0,25.0,,,3.5e6,13.339,0.095,2.32,,"","","",ph;bod_mg_l;tss_mg_l;total_coliform_mpn;ammonia_mg_l;nitrates_mg_l;phosphates_mg_l,""
CY 2015 JANUARY,Meycauayan,4,McArthur Highway Brgy. Banga Meycauayan Bulacan,14.73075,120.96133888888889,2015-01-21,11:21:00,2015,1,date,0.0,8.29,,133.0,20.0,,,4.6e6,16.129,0.048,2.248,,nitrates_mg_l,"","","",bod_mg_l
CY 2015 JANUARY,Meycauayan,5,Meymart Bridge Brgy. Zamora Meycauayan Bulacan,14.736141666666667,120.95815,2015-01-21,11:43:00,2015,1,date,0.0,8.45,,117.0,15.0,,,2.4e7,16.536,0.048,2.306,,nitrates_mg_l,"","","",total_coliform_mpn
CY 2015 FEBRUARY,Meycauayan,1,Perez Bridge Brgy. Perez Meycauayan Bulacan,14.758216666666666,120.9899638888889,2015-02-25,10:31:00,2015,2,date,0.25,7.89,,107.0,20.0,,,1.7e7,27.561,0.12,7.438,,"","","","",phosphates_mg_l
CY 2015 FEBRUARY,Meycauayan,2,Expressway Bridge Brgy. Langka Meycauayan Bulacan,14.739205555555555,120.97629722222223,2015-02-25,10:53:00,2015,2,date,0.15,7.28,,71.0,26.0,,,9.2e6,16.171,0.126,5.32,,"","","","",""
CY 2015 FEBRUARY,Meycauayan,3,Viente Reales Bridge Brgy. Viente Reales Valenzuela City MM,14.730027777777778,120.96511944444445,2015-02-25,11:20:00,2015,2,date,0.14,8.04,,85.0,22.0,,,3.5e6,16.157,0.136,5.281,,"","","","",""
CY 2015 FEBRUARY,Meycauayan,4,McArthur Highway Brgy. Banga Meycauayan Bulacan,14.73075,120.96133888888889,2015-02-25,11:37:00,2015,2,date,0.1,8.13,,95.0,20.0,,,1.3e6,20.753,0.144,5.295,,"","","","",""
CY 2015 FEBRUARY,Meycauayan,5,Meymart Bridge Brgy. Zamora Meycauayan Bulacan,14.736141666666667,120.95815,2015-02-25,11:50:00,2015,2,date,0.9,8.05,,100.0,27.0,,,1.7e6,19.157,0.19,5.342,,"","","","",""
CY 2015 MARCH,Meycauayan,1,Perez Bridge Brgy. Perez Meycauayan Bulacan,14.758216666666666,120.9899638888889,2015-03-25,11:10:00,2015,3,date,0.72,7.89,,54.0,20.0,,,3.5e7,13.405000000000001,0.184,1.834,,"","","",ammonia_mg_l;nitrates_mg_l;phosphates_mg_l,total_coliform_mpn
CY 2015 MARCH,Meycauayan,2,Expressway Bridge Brgy. Langka Meycauayan Bulacan,14.739205555555555,120.97629722222223,2015-03-25,11:31:00,2015,3,date,0.32,7.56,,66.0,23.0,,,1.6e7,11.334,0.243,2.401,,"","","","",""
CY 2015 MARCH,Meycauayan,3,Viente Reales Bridge Brgy. Viente Reales Valenzuela City MM,14.730027777777778,120.96511944444445,2015-03-25,11:52:00,2015,3,date,0.26,7.41,,64.0,24.0,,,3.5e6,13.339,0.328,2.437,,"","","","",""
CY 2015 MARCH,Meycauayan,4,McArthur Highway Brgy. Banga Meycauayan Bulacan,14.73075,120.96133888888889,2015-03-25,12:14:00,2015,3,date,0.21,8.11,,84.0,27.0,,,7.0e6,14.214,0.209,2.537,,"","","","",""
CY 2015 MARCH,Meycauayan,5,Meymart Bridge Brgy. Zamora Meycauayan Bulacan,14.736141666666667,120.95815,2015-03-25,12:29:00,2015,3,date,0.13,8.29,,45.0,23.0,,,1.6e7,15.053,0.31,2.506,,"","","","",""
CY 2015 APRIL,Meycauayan,1,Perez Bridge Brgy. Perez Meycauayan Bulacan,14.758216666666666,120.9899638888889,2015-04-16,10:50:00,2015,4,date,0.5,7.97,,66.0,20.0,,,3.5e7,30.595,0.261,4.829,,"","","","",total_coliform_mpn
CY 2015 APRIL,Meycauayan,2,Expressway Bridge Brgy. Langka Meycauayan Bulacan,14.739205555555555,120.97629722222223,2015-04-16,11:11:00,2015,4,date,0.04,7.34,,60.0,22.0,,,1.6e6,15.595,0.272,2.367,,"","","","",""
CY 2015 APRIL,Meycauayan,3,Viente Reales Bridge Brgy. Viente Reales Valenzuela City MM,14.730027777777778,120.96511944444445,2015-04-16,11:35:00,2015,4,date,0.03,7.89,,62.0,25.0,,,920000.0,16.446,0.23,2.451,,"","","","",""
CY 2015 APRIL,Meycauayan,4,McArthur Highway Brgy. Banga Meycauayan Bulacan,14.73075,120.96133888888889,2015-04-16,11:56:00,2015,4,date,0.04,7.96,,62.0,27.0,,,1.3e6,15.989,0.255,2.475,,"","","","",""
CY 2015 APRIL,Meycauayan,5,Meymart Bridge Brgy. Zamora Meycauayan Bulacan,14.736141666666667,120.95815,2015-04-16,12:13:00,2015,4,date,0.03,7.98,,54.0,27.0,,,5.4e6,14.769,0.414,2.575,,"","","","",""
CY 2015 MAY,Meycauayan,1,Perez Bridge Brgy. Perez Meycauayan Bulacan,14.758216666666666,120.9899638888889,2015-05-21,10:21:00,2015,5,date,0.89,8.08,,57.0,30.0,,,3.5e7,12.458,0.624,1.895,,"","","","",total_coliform_mpn
CY 2015 MAY,Meycauayan,2,Expressway Bridge Brgy. Langka Meycauayan Bulacan,14.739205555555555,120.97629722222223,2015-05-21,10:48:00,2015,5,date,0.31,7.41,,48.0,28.0,,,920000.0,12.241,0.404,2.439,,"","","","",""
CY 2015 MAY,Meycauayan,3,Viente Reales Bridge Brgy. Viente Reales Valenzuela City MM,14.730027777777778,120.96511944444445,2015-05-21,11:08:00,2015,5,date,0.28,7.22,,41.0,33.0,,,1.6e6,14.262,0.403,2.32,,"","","","",""
CY 2015 MAY,Meycauayan,4,McArthur Highway Brgy. Banga Meycauayan Bulacan,14.73075,120.96133888888889,2015-05-21,11:29:00,2015,5,date,0.25,7.46,,68.0,34.0,,,3.5e6,15.892,0.421,2.249,,"","","","",""
CY 2015 MAY,Meycauayan,5,Meymart Bridge Brgy. Zamora Meycauayan Bulacan,14.736141666666667,120.95815,2015-05-21,11:50:00,2015,5,date,0.21,7.21,,45.0,31.0,,,1.6e6,13.207,0.34,2.454,,"","","","",""
CY 2015 JUNE,Meycauayan,1,Perez Bridge Brgy. Perez Meycauayan Bulacan,14.758216666666666,120.9899638888889,2015-06-10,11:01:00,2015,6,date,1.5,7.21,,25.0,24.0,,,3.5e6,14.352,0.048,1.773,,nitrates_mg_l,"","","",""
CY 2015 JUNE,Meycauayan,2,Expressway Bridge Brgy. Langka Meycauayan Bulacan,14.739205555555555,120.97629722222223,2015-06-10,11:32:00,2015,6,date,0.22,7.1,,90.0,53.0,,,5.4e6,10.374,0.048,1.487,,nitrates_mg_l,"","","",""
CY 2015 JUNE,Meycauayan,3,Viente Reales Bridge Brgy. Viente Reales Valenzuela City MM,14.730027777777778,120.96511944444445,2015-06-10,11:43:00,2015,6,date,0.42,7.01,,106.0,67.0,,,9.2e6,11.503,0.048,1.524,,nitrates_mg_l,"","","",tss_mg_l
CY 2015 JUNE,Meycauayan,4,McArthur Highway Brgy. Banga Meycauayan Bulacan,14.73075,120.96133888888889,2015-06-10,12:10:00,2015,6,date,0.31,7.3,,67.0,57.0,,,1.6e7,11.93,0.048,1.582,,nitrates_mg_l,total_coliform_mpn,"","",""
CY 2015 JUNE,Meycauayan,5,Meymart Bridge Brgy. Zamora Meycauayan Bulacan,14.736141666666667,120.95815,2015-06-10,12:31:00,2015,6,date,0.12,7.31,,70.0,63.0,,,5.4e6,11.63,0.048,1.723,,nitrates_mg_l,"","","",""
CY 2015 JULY,Meycauayan,1,Perez Bridge Brgy. Perez Meycauayan Bulacan,14.758216666666666,120.9899638888889,2015-07-15,10:01:00,2015,7,date,1.52,7.67,,22.0,19.0,,,92000.0,7.999,0.048,1.318,,nitrates_mg_l,"","","",""
CY 2015 JULY,Meycauayan,2,Expressway Bridge Brgy. Langka Meycauayan Bulacan,14.739205555555555,120.97629722222223,2015-07-15,10:21:00,2015,7,date,1.08,7.49,,32.0,21.0,,,2400.0,4.248,0.048,0.595,,nitrates_mg_l,"","","",""
CY 2015 JULY,Meycauayan,3,Viente Reales Bridge Brgy. Viente Reales Valenzuela City MM,14.730027777777778,120.96511944444445,2015-07-15,10:45:00,2015,7,date,0.61,7.46,,19.0,22.0,,,24000.0,4.957,0.048,0.467,,nitrates_mg_l,"","","",""
CY 2015 JULY,Meycauayan,4,McArthur Highway Brgy. Banga Meycauayan Bulacan,14.73075,120.96133888888889,2015-07-15,11:08:00,2015,7,date,0.5,7.53,,19.0,25.0,,,24000.0,3.807,0.048,0.815,,nitrates_mg_l,"","","",""
CY 2015 JULY,Meycauayan,5,Meymart Bridge Brgy. Zamora Meycauayan Bulacan,14.736141666666667,120.95815,2015-07-15,11:30:00,2015,7,date,0.73,7.45,,17.0,28.0,,,35000.0,3.869,0.048,0.349,,nitrates_mg_l,"","","",""
CY 2015 AUGUST,Meycauayan,1,Perez Bridge Brgy. Perez Meycauayan Bulacan,14.758216666666666,120.9899638888889,2015-08-06,11:09:00,2015,8,date,3.2,7.15,,20.0,20.0,,,5.4e6,10.928,0.193,1.132,,"","","","",""
CY 2015 AUGUST,Meycauayan,2,Expressway Bridge Brgy. Langka Meycauayan Bulacan,14.739205555555555,120.97629722222223,2015-08-06,11:30:00,2015,8,date,0.8,7.3,,43.0,23.0,,,1.6e7,8.679,0.048,1.111,,nitrates_mg_l,"","","",""
CY 2015 AUGUST,Meycauayan,3,Viente Reales Bridge Brgy. Viente Reales Valenzuela City MM,14.730027777777778,120.96511944444445,2015-08-06,11:55:00,2015,8,date,0.54,7.25,,48.0,24.0,,,9.2e6,10.344,0.048,1.043,,nitrates_mg_l,"","","",""
CY 2015 AUGUST,Meycauayan,4,McArthur Highway Brgy. Banga Meycauayan Bulacan,14.73075,120.96133888888889,2015-08-06,12:19:00,2015,8,date,0.75,7.23,,83.0,27.0,,,2.4e6,8.361,0.048,0.963,,nitrates_mg_l,"","","",""
CY 2015 AUGUST,Meycauayan,5,Meymart Bridge Brgy. Zamora Meycauayan Bulacan,14.736141666666667,120.95815,2015-08-06,12:35:00,2015,8,date,0.73,7.5,,41.0,30.0,,,3.5e6,9.254,0.048,1.019,,nitrates_mg_l,"","","",""
CY 2015 SEPTEMBER,Meycauayan,1,Perez Bridge Brgy. Perez Meycauayan Bulacan,14.758216666666666,120.9899638888889,2015-09-10,10:15:00,2015,9,date,2.7,7.76,,17.0,24.0,,,3.5e6,5.438,0.366,0.568,,"","","","",""
CY 2015 SEPTEMBER,Meycauayan,2,Expressway Bridge Brgy. Langka Meycauayan Bulacan,14.739205555555555,120.97629722222223,2015-09-10,10:36:00,2015,9,date,0.38,7.56,,38.0,22.0,,,1.6e7,3.011,0.048,0.522,,nitrates_mg_l,"","","",""
CY 2015 SEPTEMBER,Meycauayan,3,Viente Reales Bridge Brgy. Viente Reales Valenzuela City MM,14.730027777777778,120.96511944444445,2015-09-10,10:56:00,2015,9,date,0.2,7.55,,44.0,27.0,,,9.2e6,3.753,0.048,0.52,,nitrates_mg_l,"","","",""
CY 2015 SEPTEMBER,Meycauayan,4,McArthur Highway Brgy. Banga Meycauayan Bulacan,14.73075,120.96133888888889,2015-09-10,11:16:00,2015,9,date,0.41,7.35,,47.0,30.0,,,5.4e6,2.702,0.135,0.52,,"","","","",""
CY 2015 SEPTEMBER,Meycauayan,5,Meymart Bridge Brgy. Zamora Meycauayan Bulacan,14.736141666666667,120.95815,2015-09-10,11:32:00,2015,9,date,0.23,7.34,,42.0,31.0,,,5.4e6,2.664,0.056,0.521,,"","","","",""
CY 2015 OCTOBER,Meycauayan,1,Perez Bridge Brgy. Perez Meycauayan Bulacan,14.758216666666666,120.9899638888889,2015-10-21,12:30:00,2015,10,date,2.71,7.01,,2.0,3.0,,,1.7e6,6.744,0.212,0.967,,"","","","",""
CY 2015 OCTOBER,Meycauayan,2,Expressway Bridge Brgy. Langka Meycauayan Bulacan,14.739205555555555,120.97629722222223,2015-10-21,12:50:00,2015,10,date,0.05,6.98,,21.0,13.0,,,1.6e7,3.938,0.132,0.621,,"","","","",""
CY 2015 OCTOBER,Meycauayan,3,Viente Reales Bridge Brgy. Viente Reales Valenzuela City MM,14.730027777777778,120.96511944444445,2015-10-21,13:11:00,2015,10,date,0.6,6.96,,27.0,18.0,,,1.6e7,5.532,0.095,0.766,,"","","","",""
CY 2015 OCTOBER,Meycauayan,4,McArthur Highway Brgy. Banga Meycauayan Bulacan,14.73075,120.96133888888889,2015-10-21,13:30:00,2015,10,date,0.25,7.03,,37.0,18.0,,,1.1e8,5.89,0.097,0.699,,"","","","",total_coliform_mpn
CY 2015 OCTOBER,Meycauayan,5,Meymart Bridge Brgy. Zamora Meycauayan Bulacan,14.736141666666667,120.95815,2015-10-21,13:50:00,2015,10,date,0.21,7.14,,54.0,20.0,,,1.6e7,6.288,0.061,0.673,,"","","","",""
CY 2015 NOVEMBER,Meycauayan,1,Perez Bridge Brgy. Perez Meycauayan Bulacan,14.758216666666666,120.9899638888889,2015-11-12,09:55:00,2015,11,date,0.4,8.27,,112.0,18.0,,,9.2e6,25.248,0.175,3.79,,"","","","",""
CY 2015 NOVEMBER,Meycauayan,2,Expressway Bridge Brgy. Langka Meycauayan Bulacan,14.739205555555555,120.97629722222223,2015-11-12,10:19:00,2015,11,date,0.15,7.73,,87.0,29.0,,,5.4e6,15.442,0.441,2.023,,"","","","",""
CY 2015 NOVEMBER,Meycauayan,3,Viente Reales Bridge Brgy. Viente Reales Valenzuela City MM,14.730027777777778,120.96511944444445,2015-11-12,10:35:00,2015,11,date,0.0,7.73,,69.0,30.0,,,3.5e6,20.253,0.302,2.343,,"","","","",""
CY 2015 NOVEMBER,Meycauayan,4,McArthur Highway Brgy. Banga Meycauayan Bulacan,14.73075,120.96133888888889,2015-11-12,10:58:00,2015,11,date,0.0,7.79,,77.0,25.0,,,5.4e6,16.83,0.403,2.261,,"","","","",""
CY 2015 NOVEMBER,Meycauayan,5,Meymart Bridge Brgy. Zamora Meycauayan Bulacan,14.736141666666667,120.95815,2015-11-12,11:17:00,2015,11,date,0.0,8.03,,77.0,30.0,,,1.6e7,17.098,0.405,2.2,,"","","","",""
CY 2015 DECEMBER,Meycauayan,1,Perez Bridge Brgy. Perez Meycauayan Bulacan,14.758216666666666,120.9899638888889,2015-12-09,10:47:00,2015,12,date,0.5,8.39,,93.0,35.0,,,2.4e6,34.209,0.048,4.705,,nitrates_mg_l,"","","",""
CY 2015 DECEMBER,Meycauayan,2,Expressway Bridge Brgy. Langka Meycauayan Bulacan,14.739205555555555,120.97629722222223,2015-12-09,11:10:00,2015,12,date,0.1,7.7,,113.0,28.0,,,3.5e6,17.936,0.048,2.583,,nitrates_mg_l,"","","",""
CY 2015 DECEMBER,Meycauayan,3,Viente Reales Bridge Brgy. Viente Reales Valenzuela City MM,14.730027777777778,120.96511944444445,2015-12-09,11:38:00,2015,12,date,0.1,7.73,,128.0,31.0,,,5.4e6,17.584,0.048,2.342,,nitrates_mg_l,"","","",bod_mg_l
CY 2015 DECEMBER,Meycauayan,4,McArthur Highway Brgy. Banga Meycauayan Bulacan,14.73075,120.96133888888889,2015-12-09,11:59:00,2015,12,date,0.0,7.77,,117.0,33.0,,,3.5e6,17.48,0.048,2.631,,nitrates_mg_l,"","","",""
CY 2015 DECEMBER,Meycauayan,5,Meymart Bridge Brgy. Zamora Meycauayan Bulacan,14.736141666666667,120.95815,2015-12-09,12:18:00,2015,12,date,0.0,7.87,,133.0,33.0,,,1.3e6,20.009,0.048,2.342,,nitrates_mg_l,"","","",bod_mg_l
CY 2016 JANUARY,Meycauayan,1,Perez Bridge Brgy. Perez Meycauayan Bulacan,14.758216666666666,120.9899638888889,2016-01-20,11:50:00,2016,1,date,1.12,8.65,,101.0,37.0,,,2.4e7,36.519,0.048,5.196,,nitrates_mg_l,"","","",total_coliform_mpn
CY 2016 JANUARY,Meycauayan,2,Expressway Bridge Brgy. Langka Meycauayan Bulacan,14.739205555555555,120.97629722222223,2016-01-20,12:09:00,2016,1,date,0.24,7.92,,157.0,45.0,,,3.5e6,21.778,0.048,2.099,,nitrates_mg_l,"","","",bod_mg_l
CY 2016 JANUARY,Meycauayan,3,Viente Reales Bridge Brgy. Viente Reales Valenzuela City MM,14.730027777777778,120.96511944444445,2016-01-20,12:29:00,2016,1,date,0.21,7.93,,164.0,51.0,,,1.6e7,16.168,0.048,3.045,,nitrates_mg_l,"","","",bod_mg_l
CY 2016 JANUARY,Meycauayan,4,McArthur Highway Brgy. Banga Meycauayan Bulacan,14.73075,120.96133888888889,2016-01-20,12:53:00,2016,1,date,0.31,7.98,,172.0,52.0,,,630000.0,13.587,0.048,2.076,,nitrates_mg_l,"","","",bod_mg_l
CY 2016 JANUARY,Meycauayan,5,Meymart Bridge Brgy. Zamora Meycauayan Bulacan,14.736141666666667,120.95815,2016-01-20,13:10:00,2016,1,date,0.18,7.91,,144.0,40.0,,,2.4e6,18.522,0.048,2.163,,nitrates_mg_l,"","","",bod_mg_l
CY 2016 FEBRUARY,Meycauayan,1,Perez Bridge Brgy. Perez Meycauayan Bulacan,14.758216666666666,120.9899638888889,2016-02-17,10:31:00,2016,2,date,0.66,8.49,,89.0,8.0,,,1.7e7,29.434,0.318,5.26,,"","","","",""
CY 2016 FEBRUARY,Meycauayan,2,Expressway Bridge Brgy. Langka Meycauayan Bulacan,14.739205555555555,120.97629722222223,2016-02-17,10:25:00,2016,2,date,0.15,8.07,,105.0,22.0,,,5.4e6,15.376,0.165,2.956,,"","","","",""
CY 2016 FEBRUARY,Meycauayan,3,Viente Reales Bridge Brgy. Viente Reales Valenzuela City MM,14.730027777777778,120.96511944444445,2016-02-17,11:20:00,2016,2,date,0.23,8.12,,72.0,30.0,,,1.1e7,14.864,0.17,2.67,,"","","","",""
CY 2016 FEBRUARY,Meycauayan,4,McArthur Highway Brgy. Banga Meycauayan Bulacan,14.73075,120.96133888888889,2016-02-17,11:41:00,2016,2,date,0.17,7.98,,91.0,27.0,,,9.2e6,18.262,0.132,2.64,,"","","","",""
CY 2016 FEBRUARY,Meycauayan,5,Meymart Bridge Brgy. Zamora Meycauayan Bulacan,14.736141666666667,120.95815,2016-02-17,12:02:00,2016,2,date,0.11,8.02,,80.0,26.0,,,1.6e7,15.622,0.566,3.214,,"",total_coliform_mpn,"","",""
CY 2016 MARCH,Meycauayan,1,Perez Bridge Brgy. Perez Meycauayan Bulacan,14.758216666666666,120.9899638888889,2016-03-02,11:20:00,2016,3,date,2.5,6.9,,64.0,14.0,,,1.6e7,36.745,0.301,4.919,,"",total_coliform_mpn,"","",""
CY 2016 MARCH,Meycauayan,2,Expressway Bridge Brgy. Langka Meycauayan Bulacan,14.739205555555555,120.97629722222223,2016-03-02,11:48:00,2016,3,date,0.8,6.69,,107.0,16.0,,,1.1e6,19.755,0.135,2.233,,"","","","",""
CY 2016 MARCH,Meycauayan,3,Viente Reales Bridge Brgy. Viente Reales Valenzuela City MM,14.730027777777778,120.96511944444445,2016-03-02,12:09:00,2016,3,date,0.91,7.01,,107.0,19.0,,,3.5e6,14.838,0.12,2.377,,"","","","",""
CY 2016 MARCH,Meycauayan,4,McArthur Highway Brgy. Banga Meycauayan Bulacan,14.73075,120.96133888888889,2016-03-02,12:31:00,2016,3,date,0.95,7.1,,113.0,16.0,,,9.2e6,19.199,0.382,2.44,,"","","","",""
CY 2016 MARCH,Meycauayan,5,Meymart Bridge Brgy. Zamora Meycauayan Bulacan,14.736141666666667,120.95815,2016-03-02,12:50:00,2016,3,date,0.84,7.1,,81.0,21.0,,,1.7e6,19.499,0.048,2.615,,nitrates_mg_l,"","","",""
CY 2016 APRIL,Meycauayan,1,Perez Bridge Brgy. Perez Meycauayan Bulacan,14.758216666666666,120.9899638888889,2016-04-21,11:01:00,2016,4,date,0.74,7.65,,138.0,11.0,,,1.6e7,36.747,0.048,4.625,,nitrates_mg_l,"","","",bod_mg_l
CY 2016 APRIL,Meycauayan,2,Expressway Bridge Brgy. Langka Meycauayan Bulacan,14.739205555555555,120.97629722222223,2016-04-21,11:25:00,2016,4,date,0.7,7.48,,64.0,19.0,,,1.7e6,19.295,0.048,2.035,,nitrates_mg_l,"","","",""
CY 2016 APRIL,Meycauayan,3,Viente Reales Bridge Brgy. Viente Reales Valenzuela City MM,14.730027777777778,120.96511944444445,2016-04-21,01:46:00,2016,4,date,0.5,7.58,,94.0,22.0,,,1.1e6,17.783,0.048,2.187,,nitrates_mg_l,"","","",""
CY 2016 APRIL,Meycauayan,4,McArthur Highway Brgy. Banga Meycauayan Bulacan,14.73075,120.96133888888889,2016-04-21,12:06:00,2016,4,date,0.5,7.19,,125.0,22.0,,,1.7e6,17.437,0.048,2.239,,nitrates_mg_l,"","","",bod_mg_l
CY 2016 APRIL,Meycauayan,5,Meymart Bridge Brgy. Zamora Meycauayan Bulacan,14.736141666666667,120.95815,2016-04-21,12:29:00,2016,4,date,0.45,7.28,,123.0,28.0,,,1.7e6,18.533,0.048,2.009,,nitrates_mg_l,"","","",""
CY 2016 MAY,Meycauayan,1,Perez Bridge Brgy. Perez Meycauayan Bulacan,14.758216666666666,120.9899638888889,2016-05-11,11:02:00,2016,5,date,0.8,6.97,,168.0,11.0,,,3.5e7,30.425,0.048,4.558,,nitrates_mg_l,"","","",bod_mg_l;total_coliform_mpn
CY 2016 MAY,Meycauayan,2,Expressway Bridge Brgy. Langka Meycauayan Bulacan,14.739205555555555,120.97629722222223,2016-05-11,11:23:00,2016,5,date,0.3,6.96,,97.0,16.0,,,1.6e6,15.19,0.395,2.265,,"","","","",""
CY 2016 MAY,Meycauayan,3,Viente Reales Bridge Brgy. Viente Reales Valenzuela City MM,14.730027777777778,120.96511944444445,2016-05-11,11:45:00,2016,5,date,0.3,6.85,,89.0,18.0,,,540000.0,16.251,0.366,2.451,,"","","","",""
CY 2016 MAY,Meycauayan,4,McArthur Highway Brgy. Banga Meycauayan Bulacan,14.73075,120.96133888888889,2016-05-11,12:08:00,2016,5,date,0.0,7.05,,99.0,18.0,,,350000.0,12.893,0.33,2.202,,"","","","",""
CY 2016 MAY,Meycauayan,5,Meymart Bridge Brgy. Zamora Meycauayan Bulacan,14.736141666666667,120.95815,2016-05-11,12:29:00,2016,5,date,0.0,6.98,,83.0,22.0,,,1.1e6,14.881,0.429,2.17,,"","","","",""
CY 2016 JUNE,Meycauayan,1,Perez Bridge Brgy. Perez Meycauayan Bulacan,14.758216666666666,120.9899638888889,2016-06-08,11:25:00,2016,6,date,2.95,8.11,,36.0,11.0,,,1.1e6,8.862,0.247,0.59,,"","","","",""
CY 2016 JUNE,Meycauayan,2,Expressway Bridge Brgy. Langka Meycauayan Bulacan,14.739205555555555,120.97629722222223,2016-06-08,11:52:00,2016,6,date,1.06,7.69,,38.0,17.0,,,5.4e6,6.603,0.048,1.354,,nitrates_mg_l,"","","",""
CY 2016 JUNE,Meycauayan,3,Viente Reales Bridge Brgy. Viente Reales Valenzuela City MM,14.730027777777778,120.96511944444445,2016-06-08,12:12:00,2016,6,date,0.76,6.98,,67.0,19.0,,,1.3e6,9.791,0.1,1.038,,"","","","",""
CY 2016 JUNE,Meycauayan,4,McArthur Highway Brgy. Banga Meycauayan Bulacan,14.73075,120.96133888888889,2016-06-08,12:35:00,2016,6,date,0.59,7.41,,79.0,18.0,,,490000.0,7.908,0.048,1.179,,nitrates_mg_l,"","","",""
CY 2016 JUNE,Meycauayan,5,Meymart Bridge Brgy. Zamora Meycauayan Bulacan,14.736141666666667,120.95815,2016-06-08,12:54:00,2016,6,date,0.65,7.15,,79.0,28.0,,,5.4e6,9.599,0.048,1.225,,nitrates_mg_l,"","","",""
CY 2016 JULY,Meycauayan,1,Perez Bridge Brgy. Perez Meycauayan Bulacan,14.758216666666666,120.9899638888889,2016-07-14,10:00:00,2016,7,date,3.52,7.95,,17.0,12.0,,,1.3e6,7.956,0.499,0.974,,"","","","",""
CY 2016 JULY,Meycauayan,2,Expressway Bridge Brgy. Langka Meycauayan Bulacan,14.739205555555555,120.97629722222223,2016-07-14,10:21:00,2016,7,date,0.098,8.13,,102.0,20.0,,,1.7e7,9.079,0.197,1.471,,"","","","",""
CY 2016 JULY,Meycauayan,3,Viente Reales Bridge Brgy. Viente Reales Valenzuela City MM,14.730027777777778,120.96511944444445,2016-07-14,10:42:00,2016,7,date,0.8,8.16,,81.0,21.0,,,3.5e7,9.973,0.23,1.486,,"","","","",total_coliform_mpn
CY 2016 JULY,Meycauayan,4,McArthur Highway Brgy. Banga Meycauayan Bulacan,14.73075,120.96133888888889,2016-07-14,11:05:00,2016,7,date,0.9,7.97,,82.0,34.0,,,5.4e7,8.668,0.144,1.328,,"","","","",total_coliform_mpn
CY 2016 JULY,Meycauayan,5,Meymart Bridge Brgy. Zamora Meycauayan Bulacan,14.736141666666667,120.95815,2016-07-14,11:26:00,2016,7,date,0.76,7.87,,89.0,39.0,,,1.7e7,9.086,0.229,1.41,,"","","","",""
CY 2016 AUGUST,Meycauayan,1,Perez Bridge Brgy. Perez Meycauayan Bulacan,14.758216666666666,120.9899638888889,2016-08-11,10:45:00,2016,8,date,3.5,7.74,,20.0,13.0,,330000.0,1.6e7,0.0,0.048,1.161,45.0,nitrates_mg_l,"","",total_coliform_mpn,""
CY 2016 AUGUST,Meycauayan,2,Expressway Bridge Brgy. Langka Meycauayan Bulacan,14.739205555555555,120.97629722222223,2016-08-11,11:16:00,2016,8,date,1.0,7.2,,79.0,17.0,,2.8e6,2.95e6,0.0,0.261,0.915,84.0,"","","",total_coliform_mpn,""
CY 2016 AUGUST,Meycauayan,3,Viente Reales Bridge Brgy. Viente Reales Valenzuela City MM,14.730027777777778,120.96511944444445,2016-08-11,11:36:00,2016,8,date,0.6,7.22,,147.0,27.0,,9.2e6,2.4e6,0.0,0.299,0.728,74.0,"","","",total_coliform_mpn,bod_mg_l
CY 2016 AUGUST,Meycauayan,4,McArthur Highway Brgy. Banga Meycauayan Bulacan,14.73075,120.96133888888889,2016-08-11,11:58:00,2016,8,date,0.5,7.2,,102.0,33.0,,9.2e6,5.45e6,0.0,0.048,0.848,69.0,nitrates_mg_l,"","",total_coliform_mpn,""
CY 2016 AUGUST,Meycauayan,5,Meymart Bridge Brgy. Zamora Meycauayan Bulacan,14.736141666666667,120.95815,2016-08-11,12:18:00,2016,8,date,0.5,7.21,,66.0,28.0,,2.8e6,3.9e6,0.0,0.048,0.696,74.0,nitrates_mg_l,"","",tss_mg_l;total_coliform_mpn,""
CY 2016 SEPTEMBER,Meycauayan,1,Perez Bridge Brgy. Perez Meycauayan Bulacan,14.758216666666666,120.9899638888889,2016-09-14,10:12:00,2016,9,date,1.9,7.05,,40.0,16.0,,1.7e6,1.6e7,0.0,0.048,1.664,35.0,nitrates_mg_l,"","",total_coliform_mpn,""
CY 2016 SEPTEMBER,Meycauayan,2,Expressway Bridge Brgy. Langka Meycauayan Bulacan,14.739205555555555,120.97629722222223,2016-09-14,10:32:00,2016,9,date,0.9,6.95,,75.0,36.0,,920000.0,2.95e6,0.0,0.194,1.642,99.0,"","","",total_coliform_mpn,""
CY 2016 SEPTEMBER,Meycauayan,3,Viente Reales Bridge Brgy. Viente Reales Valenzuela City MM,14.730027777777778,120.96511944444445,2016-09-14,10:57:00,2016,9,date,0.8,6.98,,75.0,32.0,,1.1e6,2.4e6,0.0,0.048,1.144,94.0,nitrates_mg_l,"","",total_coliform_mpn,""
CY 2016 SEPTEMBER,Meycauayan,4,McArthur Highway Brgy. Banga Meycauayan Bulacan,14.73075,120.96133888888889,2016-09-14,11:18:00,2016,9,date,1.0,7.01,,76.0,31.0,,540000.0,5.45e6,0.0,0.186,1.572,89.0,"","","",total_coliform_mpn,""
CY 2016 SEPTEMBER,Meycauayan,5,Meymart Bridge Brgy. Zamora Meycauayan Bulacan,14.736141666666667,120.95815,2016-09-14,11:35:00,2016,9,date,0.8,6.98,,65.0,33.0,,3.5e6,3.9e6,0.0,0.048,1.355,99.0,nitrates_mg_l,"","",total_coliform_mpn,""
CY 2016 OCTOBER,Meycauayan,1,Perez Bridge Brgy. Perez Meycauayan Bulacan,14.758216666666666,120.9899638888889,2016-10-24,12:30:00,2016,10,date,3.3,7.95,,23.0,25.0,,3.5e7,1.6e7,19.148,0.206,0.13,30.0,"","","",total_coliform_mpn;ammonia_mg_l,fecal_coliform_mpn
CY 2016 OCTOBER,Meycauayan,2,Expressway Bridge Brgy. Langka Meycauayan Bulacan,14.739205555555555,120.97629722222223,2016-10-24,12:50:00,2016,10,date,0.9,7.89,,90.0,36.0,,9.2e8,2.95e6,12.1345,0.097,0.112,79.0,"","","",total_coliform_mpn;ammonia_mg_l,fecal_coliform_mpn
CY 2016 OCTOBER,Meycauayan,3,Viente Reales Bridge Brgy. Viente Reales Valenzuela City MM,14.730027777777778,120.96511944444445,2016-10-24,13:18:00,2016,10,date,0.5,7.92,,74.0,33.0,,1.6e8,2.4e6,12.4055,0.067,0.113,129.0,"",fecal_coliform_mpn,"",total_coliform_mpn;ammonia_mg_l,fecal_coliform_mpn
CY 2016 OCTOBER,Meycauayan,4,McArthur Highway Brgy. Banga Meycauayan Bulacan,14.73075,120.96133888888889,2016-10-24,13:35:00,2016,10,date,0.5,7.89,,107.0,37.0,,3.5e7,5.45e6,10.7805,0.058,0.085,129.0,"","","",total_coliform_mpn;ammonia_mg_l,fecal_coliform_mpn
CY 2016 OCTOBER,Meycauayan,5,Meymart Bridge Brgy. Zamora Meycauayan Bulacan,14.736141666666667,120.95815,2016-10-24,13:59:00,2016,10,date,0.5,7.88,,87.0,38.0,,5.4e7,3.9e6,14.881,0.49,0.105,69.0,"","","",total_coliform_mpn;ammonia_mg_l,fecal_coliform_mpn
CY 2016 NOVEMBER,Meycauayan,1,Perez Bridge Brgy. Perez Meycauayan Bulacan,14.758216666666666,120.9899638888889,2016-11-10,10:38:00,2016,11,date,1.3,7.98,,46.0,23.0,,9.2e6,1.6e7,19.148,0.074,2.774,99.0,"","","",total_coliform_mpn;ammonia_mg_l,""
CY 2016 NOVEMBER,Meycauayan,2,Expressway Bridge Brgy. Langka Meycauayan Bulacan,14.739205555555555,120.97629722222223,2016-11-10,11:00:00,2016,11,date,1.5,8.01,,70.0,32.0,,2.4e6,2.95e6,12.1345,0.048,1.278,854.0,nitrates_mg_l,"","",total_coliform_mpn;ammonia_mg_l,""
CY 2016 NOVEMBER,Meycauayan,3,Viente Reales Bridge Brgy. Viente Reales Valenzuela City MM,14.730027777777778,120.96511944444445,2016-11-10,11:21:00,2016,11,date,0.9,7.99,,85.0,19.0,,54000.0,2.4e6,12.4055,0.048,1.404,993.0,nitrates_mg_l,"","",total_coliform_mpn;ammonia_mg_l,""
CY 2016 NOVEMBER,Meycauayan,4,McArthur Highway Brgy. Banga Meycauayan Bulacan,14.73075,120.96133888888889,2016-11-10,11:41:00,2016,11,date,0.5,7.97,,81.0,32.0,,1.6e7,5.45e6,10.7805,0.048,1.02,993.0,nitrates_mg_l,"","",total_coliform_mpn;ammonia_mg_l,""
CY 2016 NOVEMBER,Meycauayan,5,Meymart Bridge Brgy. Zamora Meycauayan Bulacan,14.736141666666667,120.95815,2016-11-10,11:59:00,2016,11,date,0.6,7.89,,72.0,27.0,,46000.0,3.9e6,14.881,0.048,1.437,1092.0,nitrates_mg_l,"","",total_coliform_mpn;ammonia_mg_l,""
CY 2017 JANUARY,Meycauayan,1,Perez Bridge Brgy. Perez Meycauayan Bulacan,14.758216666666666,120.9899638888889,2017-01-11,11:10:00,2017,1,date,2.8,7.1,26.2,39.0,23.0,40.0,170000.0,,,0.048,2.757,83.0,nitrates_mg_l,"","","",""
CY 2017 JANUARY,Meycauayan,2,Expressway Bridge Brgy. Langka Meycauayan Bulacan,14.739205555555555,120.97629722222223,2017-01-11,11:30:00,2017,1,date,1.0,6.9,26.8,139.0,17.0,25.0,2.4e7,,,0.421,1.444,787.0,"","","","",bod_mg_l;fecal_coliform_mpn
CY 2017 JANUARY,Meycauayan,3,Viente Reales Bridge Brgy. Viente Reales Valenzuela City MM,14.730027777777778,120.96511944444445,2017-01-11,11:51:00,2017,1,date,0.9,7.01,27.2,120.0,17.0,30.0,1.3e7,,,0.608,1.391,826.0,"","","","",""
CY 2017 JANUARY,Meycauayan,4,McArthur Highway Brgy. Banga Meycauayan Bulacan,14.73075,120.96133888888889,2017-01-11,12:16:00,2017,1,date,0.9,6.95,26.9,117.0,17.0,40.0,9.2e6,,,0.197,1.231,777.0,"","","","",""
CY 2017 JANUARY,Meycauayan,5,Meymart Bridge Brgy. Zamora Meycauayan Bulacan,14.736141666666667,120.95815,2017-01-11,12:37:00,2017,1,date,0.8,7.02,27.3,116.0,17.0,30.0,2.4e7,,,0.264,1.16,826.0,"","","","",fecal_coliform_mpn
CY 2017 FEBRUARY,Meycauayan,1,Perez Bridge Brgy. Perez Meycauayan Bulacan,14.758216666666666,120.9899638888889,2017-02-16,11:04:00,2017,2,date,4.48,7.15,26.1,73.0,21.0,80.0,6.3e6,,,0.305,5.051,146.0,"","","","",""
CY 2017 FEBRUARY,Meycauayan,2,Expressway Bridge Brgy. Langka Meycauayan Bulacan,14.739205555555555,120.97629722222223,2017-02-16,11:14:00,2017,2,date,0.65,7.19,29.6,150.0,110.0,150.0,1.6e7,,,0.048,1.6,175.0,nitrates_mg_l,"","","",bod_mg_l;tss_mg_l;color_tcu
CY 2017 FEBRUARY,Meycauayan,3,Viente Reales Bridge Brgy. Viente Reales Valenzuela City MM,14.730027777777778,120.96511944444445,2017-02-16,12:05:00,2017,2,date,0.76,7.2,27.0,116.0,42.0,40.0,1.6e7,,,0.048,1.264,68.0,nitrates_mg_l,"","","",""
CY 2017 FEBRUARY,Meycauayan,4,McArthur Highway Brgy. Banga Meycauayan Bulacan,14.73075,120.96133888888889,2017-02-16,12:26:00,2017,2,date,0.6,7.31,28.7,120.0,61.0,60.0,9.2e6,,,0.048,1.433,1098.0,nitrates_mg_l,"","","",""
CY 2017 FEBRUARY,Meycauayan,5,Meymart Bridge Brgy. Zamora Meycauayan Bulacan,14.736141666666667,120.95815,2017-02-16,12:50:00,2017,2,date,0.68,7.42,29.5,125.0,39.0,80.0,4.6e6,,,0.048,1.502,2283.0,nitrates_mg_l,"","","",bod_mg_l
CY 2017 MARCH,Meycauayan,1,Perez Bridge Brgy. Perez Meycauayan Bulacan,14.758216666666666,120.9899638888889,2017-03-08,09:53:00,2017,3,date,0.89,7.81,27.7,81.0,21.0,75.0,1.7e7,,,0.185,4.606,119.0,"","","","",""
CY 2017 MARCH,Meycauayan,2,Expressway Bridge Brgy. Langka Meycauayan Bulacan,14.739205555555555,120.97629722222223,2017-03-08,10:21:00,2017,3,date,0.98,7.43,31.03,96.0,50.0,200.0,1.1e7,,,0.207,2.185,1390.0,"","","","",color_tcu
CY 2017 MARCH,Meycauayan,3,Viente Reales Bridge Brgy. Viente Reales Valenzuela City MM,14.730027777777778,120.96511944444445,2017-03-08,10:43:00,2017,3,date,0.85,7.42,31.1,84.0,25.0,150.0,1.1e7,,,0.166,2.133,1290.0,"","","","",color_tcu
CY 2017 MARCH,Meycauayan,4,McArthur Highway Brgy. Banga Meycauayan Bulacan,14.73075,120.96133888888889,2017-03-08,11:05:00,2017,3,date,0.6,7.42,31.2,122.0,76.0,250.0,1.7e7,,,0.082,2.383,1171.0,"","","","",tss_mg_l;color_tcu
CY 2017 MARCH,Meycauayan,5,Meymart Bridge Brgy. Zamora Meycauayan Bulacan,14.736141666666667,120.95815,2017-03-08,11:25:00,2017,3,date,0.51,7.37,29.8,70.0,22.0,125.0,9.2e6,,,0.048,0.89,2432.0,nitrates_mg_l,"","","",""
CY 2017 APRIL,Meycauayan,1,Perez Bridge Brgy. Perez Meycauayan Bulacan,14.758216666666666,120.9899638888889,2017-04-05,11:12:00,2017,4,date,1.3,7.36,27.6,65.0,16.0,60.0,2.2e7,,,0.313,3.905,79.0,"","","","",fecal_coliform_mpn
CY 2017 APRIL,Meycauayan,2,Expressway Bridge Brgy. Langka Meycauayan Bulacan,14.739205555555555,120.97629722222223,2017-04-05,11:33:00,2017,4,date,0.5,7.05,28.5,62.0,29.0,75.0,5.4e6,,,0.239,1.541,2233.0,"","","","",""
CY 2017 APRIL,Meycauayan,3,Viente Reales Bridge Brgy. Viente Reales Valenzuela City MM,14.730027777777778,120.96511944444445,2017-04-05,11:53:00,2017,4,date,0.75,7.15,28.9,64.0,25.0,75.0,3.5e6,,,0.294,1.69,2134.0,"","","","",""
CY 2017 APRIL,Meycauayan,4,McArthur Highway Brgy. Banga Meycauayan Bulacan,14.73075,120.96133888888889,2017-04-05,12:15:00,2017,4,date,0.8,7.11,30.1,64.0,27.0,100.0,350000.0,,,0.201,1.669,2680.0,"","","","",""
CY 2017 APRIL,Meycauayan,5,Meymart Bridge Brgy. Zamora Meycauayan Bulacan,14.736141666666667,120.95815,2017-04-05,12:34:00,2017,4,date,0.25,7.01,29.7,73.0,26.0,125.0,9.2e6,,,0.354,1.688,1985.0,"","","","",""
CY 2017 MAY,Meycauayan,1,Perez Bridge Brgy. Perez Meycauayan Bulacan,14.758216666666666,120.9899638888889,2017-05-04,11:01:00,2017,5,date,1.5,7.72,31.2,45.0,27.0,50.0,700000.0,,,0.048,3103.0,89.0,nitrates_mg_l,"","","",phosphates_mg_l
CY 2017 MAY,Meycauayan,2,Expressway Bridge Brgy. Langka Meycauayan Bulacan,14.739205555555555,120.97629722222223,2017-05-04,11:22:00,2017,5,date,0.7,7.11,33.38,24.0,26.0,80.0,2.4e6,,,0.048,1578.0,1141.0,nitrates_mg_l,"","","",phosphates_mg_l
CY 2017 MAY,Meycauayan,3,Viente Reales Bridge Brgy. Viente Reales Valenzuela City MM,14.730027777777778,120.96511944444445,2017-05-04,11:43:00,2017,5,date,0.8,7.18,33.4,36.0,37.0,60.0,9.2e6,,,0.048,1598.0,1191.0,nitrates_mg_l,"","","",phosphates_mg_l
CY 2017 MAY,Meycauayan,4,McArthur Highway Brgy. Banga Meycauayan Bulacan,14.73075,120.96133888888889,2017-05-04,12:05:00,2017,5,date,0.7,7.15,32.9,28.0,36.0,100.0,7.0e6,,,0.048,1585.0,1042.0,nitrates_mg_l,"","","",phosphates_mg_l
CY 2017 MAY,Meycauayan,5,Meymart Bridge Brgy. Zamora Meycauayan Bulacan,14.736141666666667,120.95815,2017-05-04,12:24:00,2017,5,date,0.26,7.13,32.58,36.0,76.0,80.0,3.5e6,,,0.048,1863.0,1141.0,nitrates_mg_l,"","","",tss_mg_l;phosphates_mg_l
CY 2017 JUNE,Meycauayan,1,Perez Bridge Brgy. Perez Meycauayan Bulacan,14.758216666666666,120.9899638888889,2017-06-02,10:34:00,2017,6,date,0.78,7.75,30.4,43.0,13.0,80.0,4.6e6,,,0.095,3.758,137.0,"","","","",""
CY 2017 JUNE,Meycauayan,2,Expressway Bridge Brgy. Langka Meycauayan Bulacan,14.739205555555555,120.97629722222223,2017-06-02,10:53:00,2017,6,date,0.38,7.15,33.3,31.0,24.0,150.0,3.5e6,,,0.756,1.285,1269.0,"","","","",color_tcu;nitrates_mg_l
CY 2017 JUNE,Meycauayan,3,Viente Reales Bridge Brgy. Viente Reales Valenzuela City MM,14.730027777777778,120.96511944444445,2017-06-02,11:13:00,2017,6,date,0.15,7.09,32.9,37.0,16.0,100.0,5.4e7,,,0.652,1.21,1367.0,"","","","",fecal_coliform_mpn
CY 2017 JUNE,Meycauayan,4,McArthur Highway Brgy. Banga Meycauayan Bulacan,14.73075,120.96133888888889,2017-06-02,11:34:00,2017,6,date,0.15,7.11,33.8,63.0,28.0,125.0,1.7e6,,,0.637,1.315,1416.0,"","","","",""
CY 2017 JUNE,Meycauayan,5,Meymart Bridge Brgy. Zamora Meycauayan Bulacan,14.736141666666667,120.95815,2017-06-02,11:53:00,2017,6,date,0.1,7.08,32.98,95.0,22.0,150.0,5.4e6,,,1.482,1.387,1318.0,"","","","",color_tcu;nitrates_mg_l
CY 2017 JULY,Meycauayan,1,Perez Bridge Brgy. Perez Meycauayan Bulacan,14.758216666666666,120.9899638888889,2017-07-19,10:20:00,2017,7,date,1.2,7.44,27.6,93.0,30.0,80.0,2.4e6,,,0.188,1.884,68.0,"","","","",""
CY 2017 JULY,Meycauayan,2,Expressway Bridge Brgy. Langka Meycauayan Bulacan,14.739205555555555,120.97629722222223,2017-07-19,10:40:00,2017,7,date,0.42,7.28,29.1,70.0,39.0,150.0,5.4e6,,,0.086,1.613,244.0,"","","","",color_tcu
CY 2017 JULY,Meycauayan,3,Viente Reales Bridge Brgy. Viente Reales Valenzuela City MM,14.730027777777778,120.96511944444445,2017-07-19,11:01:00,2017,7,date,0.06,7.31,29.35,71.0,30.0,150.0,9.2e6,,,0.048,1.641,127.0,nitrates_mg_l,"","","",color_tcu
CY 2017 JULY,Meycauayan,4,McArthur Highway Brgy. Banga Meycauayan Bulacan,14.73075,120.96133888888889,2017-07-19,11:23:00,2017,7,date,0.1,7.3,29.2,100.0,28.0,150.0,5.4e6,,,0.048,1.648,137.0,nitrates_mg_l,"","","",color_tcu
CY 2017 JULY,Meycauayan,5,Meymart Bridge Brgy. Zamora Meycauayan Bulacan,14.736141666666667,120.95815,2017-07-19,11:42:00,2017,7,date,0.12,7.26,29.1,77.0,24.0,150.0,5.4e6,,,0.048,1.536,146.0,nitrates_mg_l,"","","",color_tcu
CY 2017 AUGUST,Meycauayan,1,Perez Bridge Brgy. Perez Meycauayan Bulacan,14.758216666666666,120.9899638888889,2017-08-09,10:17:00,2017,8,date,0.38,7.73,30.3,23.0,22.0,40.0,5.4e6,,,0.048,2.266,73.0,nitrates_mg_l,"","","",""
CY 2017 AUGUST,Meycauayan,2,Expressway Bridge Brgy. Langka Meycauayan Bulacan,14.739205555555555,120.97629722222223,2017-08-09,10:52:00,2017,8,date,0.49,7.15,34.05,91.0,35.0,100.0,2.4e6,,,0.048,1.351,83.0,nitrates_mg_l,"","","",""
CY 2017 AUGUST,Meycauayan,3,Viente Reales Bridge Brgy. Viente Reales Valenzuela City MM,14.730027777777778,120.96511944444445,2017-08-09,11:20:00,2017,8,date,0.34,7.0,31.9,89.0,29.0,40.0,1.6e7,,,0.048,1.149,29.0,nitrates_mg_l,"","","",""
CY 2017 AUGUST,Meycauayan,4,McArthur Highway Brgy. Banga Meycauayan Bulacan,14.73075,120.96133888888889,2017-08-09,11:44:00,2017,8,date,0.35,7.01,31.6,46.0,13.0,100.0,790000.0,,,0.048,1.469,342.0,nitrates_mg_l,"","","",""
CY 2017 AUGUST,Meycauayan,5,Meymart Bridge Brgy. Zamora Meycauayan Bulacan,14.736141666666667,120.95815,2017-08-09,12:06:00,2017,8,date,0.5,7.06,31.9,44.0,18.0,100.0,790000.0,,,0.048,1.274,854.0,nitrates_mg_l,"","","",""
CY 2017 SEPTEMBER,Meycauayan,1,Perez Bridge Brgy. Perez Meycauayan Bulacan,14.758216666666666,120.9899638888889,2017-09-14,10:07:00,2017,9,date,3.18,6.95,28.8,8.0,21.0,40.0,240000.0,,,0.587,0.698,30.0,"","","","",""
CY 2017 SEPTEMBER,Meycauayan,2,Expressway Bridge Brgy. Langka Meycauayan Bulacan,14.739205555555555,120.97629722222223,2017-09-14,10:31:00,2017,9,date,0.8,6.69,28.9,30.0,20.0,20.0,1.3e6,,,0.048,0.648,32.0,nitrates_mg_l,"","","",""
CY 2017 SEPTEMBER,Meycauayan,3,Viente Reales Bridge Brgy. Viente Reales Valenzuela City MM,14.730027777777778,120.96511944444445,2017-09-14,10:50:00,2017,9,date,1.02,6.78,28.8,22.0,28.0,20.0,2.1e6,,,0.075,0.804,57.0,"","","","",""
CY 2017 SEPTEMBER,Meycauayan,4,McArthur Highway Brgy. Banga Meycauayan Bulacan,14.73075,120.96133888888889,2017-09-14,11:14:00,2017,9,date,0.6,6.96,28.75,20.0,18.0,80.0,1.7e7,,,0.048,0.67,35.0,nitrates_mg_l,"","","",""
CY 2017 SEPTEMBER,Meycauayan,5,Meymart Bridge Brgy. Zamora Meycauayan Bulacan,14.736141666666667,120.95815,2017-09-14,11:33:00,2017,9,date,0.5,6.79,28.8,22.0,27.0,100.0,3.5e7,,,0.048,0.692,32.0,nitrates_mg_l,"","","",fecal_coliform_mpn
CY 2017 OCTOBER,Meycauayan,1,Perez Bridge Brgy. Perez Meycauayan Bulacan,14.758216666666666,120.9899638888889,2017-10-12,11:05:00,2017,10,date,3.95,6.98,28.63,11.0,35.0,40.0,3.5e6,,,0.505,0.76,36.0,"","","","",""
CY 2017 OCTOBER,Meycauayan,2,Expressway Bridge Brgy. Langka Meycauayan Bulacan,14.739205555555555,120.97629722222223,2017-10-12,11:25:00,2017,10,date,0.8,7.03,28.9,36.0,9.0,80.0,9.2e6,,,0.277,0.911,57.0,"","","","",""
CY 2017 OCTOBER,Meycauayan,3,Viente Reales Bridge Brgy. Viente Reales Valenzuela City MM,14.730027777777778,120.96511944444445,2017-10-12,11:44:00,2017,10,date,0.61,7.08,29.1,42.0,8.0,80.0,2.4e7,,,0.189,0.698,59.0,"","","","",fecal_coliform_mpn
CY 2017 OCTOBER,Meycauayan,4,McArthur Highway Brgy. Banga Meycauayan Bulacan,14.73075,120.96133888888889,2017-10-12,12:05:00,2017,10,date,0.6,7.1,29.2,38.0,21.0,80.0,2.2e6,,,0.096,0.975,76.0,"","","","",""
CY 2017 OCTOBER,Meycauayan,5,Meymart Bridge Brgy. Zamora Meycauayan Bulacan,14.736141666666667,120.95815,2017-10-12,12:24:00,2017,10,date,0.59,7.1,29.2,65.0,18.0,80.0,9.2e6,,,0.144,0.953,65.0,"","","","",""
CY 2017 NOVEMBER,Meycauayan,1,Perez Bridge Brgy. Perez Meycauayan Bulacan,14.758216666666666,120.9899638888889,2017-11-27,11:25:00,2017,11,date,1.05,7.42,28.4,68.0,24.0,100.0,2.4e7,,,0.44,3.62,1754.0,"","","","",fecal_coliform_mpn
CY 2017 NOVEMBER,Meycauayan,2,Expressway Bridge Brgy. Langka Meycauayan Bulacan,14.739205555555555,120.97629722222223,2017-11-27,11:44:00,2017,11,date,0.5,7.12,30.55,44.0,12.0,200.0,2.6e6,,,0.061,1.917,794.0,"","","","",color_tcu
CY 2017 NOVEMBER,Meycauayan,3,Viente Reales Bridge Brgy. Viente Reales Valenzuela City MM,14.730027777777778,120.96511944444445,2017-11-27,12:04:00,2017,11,date,0.1,7.2,30.7,52.0,18.0,200.0,1.7e7,,,0.117,1.881,872.0,"","","","",color_tcu
CY 2017 NOVEMBER,Meycauayan,4,McArthur Highway Brgy. Banga Meycauayan Bulacan,14.73075,120.96133888888889,2017-11-27,12:24:00,2017,11,date,0.27,7.24,30.8,46.0,10.0,200.0,5.4e6,,,0.168,1.827,794.0,"","","","",color_tcu
CY 2017 NOVEMBER,Meycauayan,5,Meymart Bridge Brgy. Zamora Meycauayan Bulacan,14.736141666666667,120.95815,2017-11-27,12:43:00,2017,11,date,0.25,7.18,30.8,61.0,10.0,200.0,7.0e6,,,0.145,1.755,951.0,"","","","",color_tcu
CY 2018 JANUARY,Meycauayan,1,Perez Bridge Brgy. Perez Meycauayan Bulacan,14.758216666666666,120.9899638888889,2018-01-25,11:41:00,2018,1,date,0.8,7.3,27.8,108.0,36.0,50.0,2.2e6,,,0.048,3.677,122.0,nitrates_mg_l,"","","",""
CY 2018 JANUARY,Meycauayan,2,Expressway Bridge Brgy. Langka Meycauayan Bulacan,14.739205555555555,120.97629722222223,2018-01-25,12:01:00,2018,1,date,0.25,6.82,28.4,128.0,43.0,50.0,5.4e6,,,0.048,1.885,536.0,nitrates_mg_l,"","","",bod_mg_l
CY 2018 JANUARY,Meycauayan,3,Viente Reales Bridge Brgy. Viente Reales Valenzuela City MM,14.730027777777778,120.96511944444445,2018-01-25,12:46:00,2018,1,date,0.31,6.89,28.6,120.0,52.0,50.0,5.4e6,,,0.048,1.777,488.0,nitrates_mg_l,"","","",""
CY 2018 JANUARY,Meycauayan,4,McArthur Highway Brgy. Banga Meycauayan Bulacan,14.73075,120.96133888888889,2018-01-25,12:36:00,2018,1,date,0.33,6.9,28.4,114.0,59.0,50.0,1.7e7,,,0.048,1.74,546.0,nitrates_mg_l,"","","",""
CY 2018 JANUARY,Meycauayan,5,Meymart Bridge Brgy. Zamora Meycauayan Bulacan,14.736141666666667,120.95815,2018-01-25,12:55:00,2018,1,date,0.2,6.9,28.5,115.0,63.0,50.0,940000.0,,,0.048,1.732,595.0,nitrates_mg_l,"","","",""
CY 2018 FEBRUARY,Meycauayan,1,Perez Bridge Brgy. Perez Meycauayan Bulacan,14.758216666666666,120.9899638888889,2018-02-22,11:58:00,2018,2,date,0.3,6.54,28.3,104.0,57.0,75.0,3.5e7,,,0.092,5.42,156.0,"","","","",fecal_coliform_mpn
CY 2018 FEBRUARY,Meycauayan,2,Expressway Bridge Brgy. Langka Meycauayan Bulacan,14.739205555555555,120.97629722222223,2018-02-22,12:20:00,2018,2,date,0.66,6.64,31.7,88.0,68.0,250.0,2.4e7,,,0.048,2.48,205.0,nitrates_mg_l,"","","",tss_mg_l;color_tcu;fecal_coliform_mpn
CY 2018 FEBRUARY,Meycauayan,3,Viente Reales Bridge Brgy. Viente Reales Valenzuela City MM,14.730027777777778,120.96511944444445,2018-02-22,12:53:00,2018,2,date,0.63,6.59,29.5,133.0,77.0,60.0,9.2e7,,,0.048,1.476,98.0,nitrates_mg_l,"","","",bod_mg_l;tss_mg_l;fecal_coliform_mpn
CY 2018 FEBRUARY,Meycauayan,4,McArthur Highway Brgy. Banga Meycauayan Bulacan,14.73075,120.96133888888889,2018-02-22,13:14:00,2018,2,date,0.89,7.01,30.6,74.0,89.0,80.0,5.4e7,,,0.057,2.294,2585.0,"","","","",tss_mg_l;fecal_coliform_mpn
CY 2018 FEBRUARY,Meycauayan,5,Meymart Bridge Brgy. Zamora Meycauayan Bulacan,14.736141666666667,120.95815,2018-02-22,13:35:00,2018,2,date,0.69,7.27,32.2,74.0,112.0,60.0,430000.0,,,0.048,2.419,3755.0,nitrates_mg_l,"","","",tss_mg_l;chlorides_mg_l
CY 2018 APRIL,Meycauayan,1,Perez Bridge Brgy. Perez Meycauayan Bulacan,14.758216666666666,120.9899638888889,2018-04-16,11:28:00,2018,4,date,1.1,8.0,29.1,93.0,28.0,60.0,9.2e6,,,0.048,4.281,141.0,nitrates_mg_l,"","","",""
CY 2018 APRIL,Meycauayan,2,Expressway Bridge Brgy. Langka Meycauayan Bulacan,14.739205555555555,120.97629722222223,2018-04-16,11:43:00,2018,4,date,0.11,7.35,33.1,78.0,44.0,20.0,1.4e6,,,0.247,1.842,4222.0,"","","","",chlorides_mg_l
CY 2018 APRIL,Meycauayan,3,Viente Reales Bridge Brgy. Viente Reales Valenzuela City MM,14.730027777777778,120.96511944444445,2018-04-16,12:02:00,2018,4,date,0.15,7.33,32.8,68.0,34.0,80.0,490000.0,,,0.36,1.848,4106.0,"","","","",chlorides_mg_l
CY 2018 APRIL,Meycauayan,4,McArthur Highway Brgy. Banga Meycauayan Bulacan,14.73075,120.96133888888889,2018-04-16,12:22:00,2018,4,date,0.18,7.32,32.15,56.0,28.0,60.0,790000.0,,,0.147,1.788,5193.0,"","","","",chlorides_mg_l
CY 2018 APRIL,Meycauayan,5,Meymart Bridge Brgy. Zamora Meycauayan Bulacan,14.736141666666667,120.95815,2018-04-16,12:39:00,2018,4,date,0.13,7.29,32.25,68.0,20.0,30.0,230000.0,,,0.335,1.916,5193.0,"","","","",chlorides_mg_l
CY 2018 MAY,Meycauayan,1,Perez Bridge Brgy. Perez Meycauayan Bulacan,14.758216666666666,120.9899638888889,2018-05-16,11:31:00,2018,5,date,2.89,8.03,29.7,38.0,9.0,40.0,5.4e7,,,0.048,2.603,98.0,nitrates_mg_l,"","","",fecal_coliform_mpn
CY 2018 MAY,Meycauayan,2,Expressway Bridge Brgy. Langka Meycauayan Bulacan,14.739205555555555,120.97629722222223,2018-05-16,11:50:00,2018,5,date,0.38,7.49,31.4,38.0,31.0,30.0,1.4e6,,,0.188,1.226,5185.0,"","","","",chlorides_mg_l
CY 2018 MAY,Meycauayan,3,Viente Reales Bridge Brgy. Viente Reales Valenzuela City MM,14.730027777777778,120.96511944444445,2018-05-16,12:10:00,2018,5,date,0.25,7.51,31.5,73.0,25.0,30.0,1.7e6,,,0.048,1.391,6026.0,nitrates_mg_l,"","","",chlorides_mg_l
CY 2018 MAY,Meycauayan,4,McArthur Highway Brgy. Banga Meycauayan Bulacan,14.73075,120.96133888888889,2018-05-16,12:31:00,2018,5,date,0.3,7.53,31.8,45.0,21.0,30.0,790000.0,,,0.123,1.341,4998.0,"","","","",chlorides_mg_l
CY 2018 MAY,Meycauayan,5,Meymart Bridge Brgy. Zamora Meycauayan Bulacan,14.736141666666667,120.95815,2018-05-16,12:49:00,2018,5,date,0.48,7.47,31.9,45.0,32.0,20.0,790000.0,,,0.048,1.307,6400.0,nitrates_mg_l,"","","",chlorides_mg_l
CY 2012 JANUARY,Obando,1,Polo Bridge Brgy. Polo Valenzuela City MM,14.810347222222223,120.93719444444444,,,2012,1,period_label,2.9,,,10.0,,,,,,,,,"","","","",""
CY 2012 JANUARY,Obando,2,Near Municipal Fishport & P.M.,14.709213888888888,120.94659722222222,,,2012,1,period_label,4.6,,,10.0,,,,,,,,,"","","","",""
CY 2012 JANUARY,Obando,3,Tawiran Bridge Brgy. Tawiran Obando Bulacan,14.746713888888888,120.91061666666667,,,2012,1,period_label,2.6,,,19.0,,,,,,,,,"","","","",""
CY 2012 FEBRUARY,Obando,1,Polo Bridge Brgy. Polo Valenzuela City MM,14.810347222222223,120.93719444444444,,,2012,2,period_label,2.2,,,7.0,,,,,,,,,"","","","",""
CY 2012 FEBRUARY,Obando,2,Near Municipal Fishport & P.M.,14.709213888888888,120.94659722222222,,,2012,2,period_label,2.1,,,13.0,,,,,,,,,"","","","",""
CY 2012 FEBRUARY,Obando,3,Tawiran Bridge Brgy. Tawiran Obando Bulacan,14.746713888888888,120.91061666666667,,,2012,2,period_label,4.4,,,8.0,,,,,,,,,"","","","",""
CY 2012 MARCH,Obando,1,Polo Bridge Brgy. Polo Valenzuela City MM,14.810347222222223,120.93719444444444,,,2012,3,period_label,3.6,,,10.0,,,,,,,,,"","","","",""
CY 2012 MARCH,Obando,2,Near Municipal Fishport & P.M.,14.709213888888888,120.94659722222222,,,2012,3,period_label,1.6,,,25.0,,,,,,,,,"","","","",""
CY 2012 MARCH,Obando,3,Tawiran Bridge Brgy. Tawiran Obando Bulacan,14.746713888888888,120.91061666666667,,,2012,3,period_label,3.7,,,5.0,,,,,,,,,"","","","",""
CY 2012 APRIL,Obando,1,Polo Bridge Brgy. Polo Valenzuela City MM,14.810347222222223,120.93719444444444,,,2012,4,period_label,4.9,,,12.0,,,,,,,,,"","","","",""
CY 2012 APRIL,Obando,2,Near Municipal Fishport & P.M.,14.709213888888888,120.94659722222222,,,2012,4,period_label,2.4,,,9.0,,,,,,,,,"","","","",""
CY 2012 APRIL,Obando,3,Tawiran Bridge Brgy. Tawiran Obando Bulacan,14.746713888888888,120.91061666666667,,,2012,4,period_label,3.5,,,5.0,,,,,,,,,"","","","",""
CY 2012 MAY,Obando,1,Polo Bridge Brgy. Polo Valenzuela City MM,14.810347222222223,120.93719444444444,,,2012,5,period_label,1.55,,,24.0,,,,,,,,,"","","","",""
CY 2012 MAY,Obando,2,Near Municipal Fishport & P.M.,14.709213888888888,120.94659722222222,,,2012,5,period_label,2.52,,,7.0,,,,,,,,,"","","","",""
CY 2012 MAY,Obando,3,Tawiran Bridge Brgy. Tawiran Obando Bulacan,14.746713888888888,120.91061666666667,,,2012,5,period_label,3.6,,,20.0,,,,,,,,,"","","","",""
CY 2012 JUNE,Obando,1,Polo Bridge Brgy. Polo Valenzuela City MM,14.810347222222223,120.93719444444444,,,2012,6,period_label,3.6,,,15.0,,,,,,,,,"","","","",""
CY 2012 JUNE,Obando,2,Near Municipal Fishport & P.M.,14.709213888888888,120.94659722222222,,,2012,6,period_label,3.9,,,17.0,,,,,,,,,"","","","",""
CY 2012 JUNE,Obando,3,Tawiran Bridge Brgy. Tawiran Obando Bulacan,14.746713888888888,120.91061666666667,,,2012,6,period_label,2.6,,,3.0,,,,,,,,,"","","","",""
CY 2012 JULY,Obando,1,Polo Bridge Brgy. Polo Valenzuela City MM,14.810347222222223,120.93719444444444,,,2012,7,period_label,3.5,,,5.0,,,,,,,,,"","","","",""
CY 2012 JULY,Obando,2,Near Municipal Fishport & P.M.,14.709213888888888,120.94659722222222,,,2012,7,period_label,2.1,,,8.0,,,,,,,,,"","","","",""
CY 2012 JULY,Obando,3,Tawiran Bridge Brgy. Tawiran Obando Bulacan,14.746713888888888,120.91061666666667,,,2012,7,period_label,2.7,,,8.0,,,,,,,,,"","","","",""
CY 2012 AUGUST,Obando,1,Polo Bridge Brgy. Polo Valenzuela City MM,14.810347222222223,120.93719444444444,,,2012,8,period_label,2.7,,,5.0,,,,,,,,,"","","","",""
CY 2012 AUGUST,Obando,2,Near Municipal Fishport & P.M.,14.709213888888888,120.94659722222222,,,2012,8,period_label,2.6,,,3.0,,,,,,,,,"","","","",""
CY 2012 AUGUST,Obando,3,Tawiran Bridge Brgy. Tawiran Obando Bulacan,14.746713888888888,120.91061666666667,,,2012,8,period_label,3.1,,,2.0,,,,,,,,,"","","","",""
CY 2012 SEPTEMBER,Obando,1,Polo Bridge Brgy. Polo Valenzuela City MM,14.810347222222223,120.93719444444444,,,2012,9,period_label,4.3,,,7.0,,,,,,,,,"","","","",""
CY 2012 SEPTEMBER,Obando,2,Near Municipal Fishport & P.M.,14.709213888888888,120.94659722222222,,,2012,9,period_label,1.1,,,5.0,,,,,,,,,"","","","",""
CY 2012 SEPTEMBER,Obando,3,Tawiran Bridge Brgy. Tawiran Obando Bulacan,14.746713888888888,120.91061666666667,,,2012,9,period_label,3.2,,,5.0,,,,,,,,,"","","","",""
CY 2012 OCTOBER,Obando,1,Polo Bridge Brgy. Polo Valenzuela City MM,14.810347222222223,120.93719444444444,,,2012,10,period_label,3.2,,,14.0,,,,,,,,,"","","","",""
CY 2012 OCTOBER,Obando,2,Near Municipal Fishport & P.M.,14.709213888888888,120.94659722222222,,,2012,10,period_label,2.5,,,12.0,,,,,,,,,"","","","",""
CY 2012 OCTOBER,Obando,3,Tawiran Bridge Brgy. Tawiran Obando Bulacan,14.746713888888888,120.91061666666667,,,2012,10,period_label,2.0,,,11.0,,,,,,,,,"","","","",""
CY 2012 NOVEMBER,Obando,1,Polo Bridge Brgy. Polo Valenzuela City MM,14.810347222222223,120.93719444444444,,,2012,11,period_label,4.2,,,6.0,,,,,,,,,"","","","",""
CY 2012 NOVEMBER,Obando,2,Near Municipal Fishport & P.M.,14.709213888888888,120.94659722222222,,,2012,11,period_label,2.8,,,8.0,,,,,,,,,"","","","",""
CY 2012 NOVEMBER,Obando,3,Tawiran Bridge Brgy. Tawiran Obando Bulacan,14.746713888888888,120.91061666666667,,,2012,11,period_label,1.6,,,11.0,,,,,,,,,"","","","",""
CY 2012 DECEMBER,Obando,1,Polo Bridge Brgy. Polo Valenzuela City MM,14.810347222222223,120.93719444444444,,,2012,12,period_label,4.3,,,8.0,,,,,,,,,"","","","",""
CY 2012 DECEMBER,Obando,2,Near Municipal Fishport & P.M.,14.709213888888888,120.94659722222222,,,2012,12,period_label,3.1,,,7.0,,,,,,,,,"","","","",""
CY 2012 DECEMBER,Obando,3,Tawiran Bridge Brgy. Tawiran Obando Bulacan,14.746713888888888,120.91061666666667,,,2012,12,period_label,4.4,,,7.0,,,,,,,,,"","","","",""
CY 2013 JANUARY,Obando,1,Polo Bridge Brgy. Polo Valenzuela City MM,14.810347222222223,120.93719444444444,2013-01-23,11:12:00,2013,1,date,2.2,8.6,,11.0,31.0,,,2.4e6,2.811,0.008,1.873,,"","","","",""
CY 2013 JANUARY,Obando,2,Near Municipal Fishport & P.M.,14.709213888888888,120.94659722222222,2013-01-23,11:36:00,2013,1,date,1.3,7.7,,9.0,44.0,,,350000.0,1.906,0.034,0.597,,"","","","",""
CY 2013 JANUARY,Obando,3,Tawiran Bridge Brgy. Tawiran Obando Bulacan,14.746713888888888,120.91061666666667,2013-01-23,12:12:00,2013,1,date,1.1,7.9,,17.0,31.0,,,170000.0,2.721,0.012,1.348,,"","","","",""
CY 2013 FEBRUARY,Obando,1,Polo Bridge Brgy. Polo Valenzuela City MM,14.810347222222223,120.93719444444444,2013-02-14,10:46:00,2013,2,date,3.4,8.3,,18.0,30.0,,,350000.0,3.504,0.075,0.897,,"","","","",""
CY 2013 FEBRUARY,Obando,2,Near Municipal Fishport & P.M.,14.709213888888888,120.94659722222222,2013-02-14,11:03:00,2013,2,date,2.2,8.0,,16.0,118.0,,,46000.0,3.454,0.031,0.638,,"","","","",tss_mg_l
CY 2013 FEBRUARY,Obando,3,Tawiran Bridge Brgy. Tawiran Obando Bulacan,14.746713888888888,120.91061666666667,2013-02-14,11:46:00,2013,2,date,1.2,7.7,,10.0,108.0,,,920000.0,7.104,0.105,1.346,,"","","","",tss_mg_l
CY 2013 MARCH,Obando,1,Polo Bridge Brgy. Polo Valenzuela City MM,14.810347222222223,120.93719444444444,2013-03-20,11:21:00,2013,3,date,2.8,8.6,,10.0,73.0,,,5.4e6,1.909,0.048,0.769,,"","","","",tss_mg_l
CY 2013 MARCH,Obando,2,Near Municipal Fishport & P.M.,14.709213888888888,120.94659722222222,2013-03-20,11:52:00,2013,3,date,1.8,8.1,,8.0,24.0,,,350000.0,1.565,0.009,0.79,,"","","","",""
CY 2013 MARCH,Obando,3,Tawiran Bridge Brgy. Tawiran Obando Bulacan,14.746713888888888,120.91061666666667,2013-03-20,12:23:00,2013,3,date,3.1,8.06,,7.0,133.0,,,5400.0,2.505,0.076,0.899,,"","","","",tss_mg_l
CY 2013 APRIL,Obando,1,Polo Bridge Brgy. Polo Valenzuela City MM,14.810347222222223,120.93719444444444,2013-04-18,11:21:00,2013,4,date,3.8,8.19,,19.0,17.0,,,160000.0,9.457,0.096,0.125,,"","","","",""
CY 2013 APRIL,Obando,2,Near Municipal Fishport & P.M.,14.709213888888888,120.94659722222222,2013-04-18,11:52:00,2013,4,date,1.09,7.73,,2.0,79.0,,,5400.0,1.911,0.025,0.335,,"","","","",tss_mg_l
CY 2013 APRIL,Obando,3,Tawiran Bridge Brgy. Tawiran Obando Bulacan,14.746713888888888,120.91061666666667,2013-04-18,12:23:00,2013,4,date,2.73,8.25,,5.0,69.0,,,240.0,1.579,0.155,0.31,,"","","","",tss_mg_l
CY 2013 MAY,Obando,1,Polo Bridge Brgy. Polo Valenzuela City MM,14.810347222222223,120.93719444444444,2013-05-22,11:12:00,2013,5,date,4.5,8.5,,15.0,18.0,,,2.4e6,2.394,0.016,1.973,,"","","","",""
CY 2013 MAY,Obando,2,Near Municipal Fishport & P.M.,14.709213888888888,120.94659722222222,2013-05-22,11:36:00,2013,5,date,1.4,8.1,,5.0,46.0,,,170000.0,1.157,0.02,1.434,,"","","","",""
CY 2013 MAY,Obando,3,Tawiran Bridge Brgy. Tawiran Obando Bulacan,14.746713888888888,120.91061666666667,2013-05-22,12:17:00,2013,5,date,2.1,8.06,,43.0,46.0,,,350000.0,0.121,0.006,0.616,,"","","","",""
CY 2013 JUNE,Obando,1,Polo Bridge Brgy. Polo Valenzuela City MM,14.810347222222223,120.93719444444444,2013-06-06,11:20:00,2013,6,date,4.9,7.35,,10.0,5.0,,,920000.0,7.534,0.149,1.082,,"","","","",""
CY 2013 JUNE,Obando,2,Near Municipal Fishport & P.M.,14.709213888888888,120.94659722222222,2013-06-06,11:47:00,2013,6,date,5.1,8.1,,14.0,7.0,,,9200.0,0.731,0.094,0.288,,"","","","",""
CY 2013 JUNE,Obando,3,Tawiran Bridge Brgy. Tawiran Obando Bulacan,14.746713888888888,120.91061666666667,2013-06-06,12:27:00,2013,6,date,5.5,7.9,,5.0,52.0,,,54000.0,3.052,0.024,0.674,,"","","","",""
CY 2013 JULY,Obando,1,Polo Bridge Brgy. Polo Valenzuela City MM,14.810347222222223,120.93719444444444,2013-07-11,09:43:00,2013,7,date,3.1,6.9,,16.0,2.0,,,920000.0,6.573,0.072,0.649,,"","","","",""
CY 2013 JULY,Obando,2,Near Municipal Fishport & P.M.,14.709213888888888,120.94659722222222,2013-07-11,10:05:00,2013,7,date,3.4,6.1,,7.0,5.0,,,92000.0,4.779,0.189,0.279,,"","","","",""
CY 2013 JULY,Obando,3,Tawiran Bridge Brgy. Tawiran Obando Bulacan,14.746713888888888,120.91061666666667,2013-07-11,10:40:00,2013,7,date,3.6,6.4,,2.0,10.0,,,5400.0,2.052,0.05,0.275,,nitrates_mg_l,"","","",""
CY 2013 AUGUST,Obando,1,Polo Bridge Brgy. Polo Valenzuela City MM,14.810347222222223,120.93719444444444,2013-08-15,09:41:00,2013,8,date,2.7,6.95,,11.0,6.0,,,3.5e6,7.236,0.914,1.143,,"","","","",nitrates_mg_l
CY 2013 AUGUST,Obando,2,Near Municipal Fishport & P.M.,14.709213888888888,120.94659722222222,2013-08-15,10:20:00,2013,8,date,2.87,7.28,,2.0,10.0,,,3.5e6,3.607,0.095,0.505,,"","","","",""
CY 2013 AUGUST,Obando,3,Tawiran Bridge Brgy. Tawiran Obando Bulacan,14.746713888888888,120.91061666666667,2013-08-15,11:03:00,2013,8,date,3.25,7.31,,6.0,15.0,,,2.4e6,2.818,0.196,0.598,,"","","","",""
CY 2013 SEPTEMBER,Obando,1,Polo Bridge Brgy. Polo Valenzuela City MM,14.810347222222223,120.93719444444444,2013-09-05,10:25:00,2013,9,date,2.7,8.01,,9.0,30.0,,,350000.0,2.282,0.05,0.364,,nitrates_mg_l,"","","",""
CY 2013 SEPTEMBER,Obando,2,Near Municipal Fishport & P.M.,14.709213888888888,120.94659722222222,2013-09-05,10:45:00,2013,9,date,2.4,8.1,,13.0,70.0,,,9400.0,1.612,0.05,0.186,,nitrates_mg_l,"","","",tss_mg_l
CY 2013 SEPTEMBER,Obando,3,Tawiran Bridge Brgy. Tawiran Obando Bulacan,14.746713888888888,120.91061666666667,2013-09-05,11:19:00,2013,9,date,3.1,8.2,,2.0,65.0,,,240.0,1.231,0.05,0.21,,nitrates_mg_l,"","","",tss_mg_l
CY 2013 OCTOBER,Obando,1,Polo Bridge Brgy. Polo Valenzuela City MM,14.810347222222223,120.93719444444444,2013-10-10,10:52:00,2013,10,date,3.8,7.78,,9.0,4.0,,,140000.0,3.946,0.037,0.561,,"","","","",""
CY 2013 OCTOBER,Obando,2,Near Municipal Fishport & P.M.,14.709213888888888,120.94659722222222,2013-10-10,11:33:00,2013,10,date,2.4,8.2,,5.0,7.0,,,280000.0,2.869,0.032,0.447,,"","","","",""
CY 2013 OCTOBER,Obando,3,Tawiran Bridge Brgy. Tawiran Obando Bulacan,14.746713888888888,120.91061666666667,2013-10-10,12:15:00,2013,10,date,2.2,7.74,,10.0,19.0,,,2.4e6,1.232,0.03,0.785,,"","","","",""
CY 2013 NOVEMBER,Obando,1,Polo Bridge Brgy. Polo Valenzuela City MM,14.810347222222223,120.93719444444444,2013-11-07,12:03:00,2013,11,date,5.2,8.17,,11.0,5.0,,,240000.0,0.831,0.05,0.363,,nitrates_mg_l,"","","",""
CY 2013 NOVEMBER,Obando,2,Near Municipal Fishport & P.M.,14.709213888888888,120.94659722222222,2013-11-07,12:24:00,2013,11,date,1.1,7.5,,4.0,11.0,,,350000.0,1.196,0.05,0.375,,nitrates_mg_l,"","","",""
CY 2013 NOVEMBER,Obando,3,Tawiran Bridge Brgy. Tawiran Obando Bulacan,14.746713888888888,120.91061666666667,2013-11-07,12:56:00,2013,11,date,0.9,7.78,,33.0,15.0,,,1.6e6,2.672,0.05,0.91,,nitrates_mg_l,"","","",""
CY 2014 JANUARY,Obando,1,Polo Bridge Brgy. Polo Valenzuela City MM,14.810347222222223,120.93719444444444,2014-01-09,09:24:00,2014,1,date,1.15,7.84,,9.0,2.0,,,460000.0,6.637,0.048,0.567,,tss_mg_l;nitrates_mg_l,"","","",""
CY 2014 JANUARY,Obando,2,Near Municipal Fishport & P.M.,14.709213888888888,120.94659722222222,2014-01-09,10:00:00,2014,1,date,0.95,7.36,,4.0,29.0,,,130000.0,2.523,0.048,0.126,,nitrates_mg_l,"","","",""
CY 2014 JANUARY,Obando,3,Tawiran Bridge Brgy. Tawiran Obando Bulacan,14.746713888888888,120.91061666666667,2014-01-09,10:46:00,2014,1,date,0.34,7.56,,14.0,7.0,,,540000.0,12.033,0.048,0.586,,nitrates_mg_l,"","","",""
CY 2014 FEBRUARY,Obando,1,Polo Bridge Brgy. Polo Valenzuela City MM,14.810347222222223,120.93719444444444,2014-02-13,11:10:00,2014,2,date,3.6,8.17,,13.0,25.0,,,540000.0,4.28,0.056,0.567,,"","","","",""
CY 2014 FEBRUARY,Obando,2,Near Municipal Fishport & P.M.,14.709213888888888,120.94659722222222,2014-02-13,11:28:00,2014,2,date,1.1,7.7,,9.0,36.0,,,280000.0,1.731,0.048,0.126,,nitrates_mg_l,"","","",""
CY 2014 FEBRUARY,Obando,3,Tawiran Bridge Brgy. Tawiran Obando Bulacan,14.746713888888888,120.91061666666667,2014-02-13,12:01:00,2014,2,date,1.6,7.6,,12.0,45.0,,,130000.0,8.295,0.048,0.586,,nitrates_mg_l,"","","",""
CY 2014 MARCH,Obando,1,Polo Bridge Brgy. Polo Valenzuela City MM,14.810347222222223,120.93719444444444,2014-03-20,11:05:00,2014,3,date,3.4,8.45,,9.0,47.0,,,1.6e6,1.41,0.173,3.446,,"","","","",""
CY 2014 MARCH,Obando,2,Near Municipal Fishport & P.M.,14.709213888888888,120.94659722222222,2014-03-20,11:40:00,2014,3,date,0.82,8.05,,6.0,76.0,,,4.0,1.532,0.342,0.787,,"","","","",tss_mg_l
CY 2014 MARCH,Obando,3,Tawiran Bridge Brgy. Tawiran Obando Bulacan,14.746713888888888,120.91061666666667,2014-03-20,12:17:00,2014,3,date,1.44,7.97,,7.0,96.0,,,1.8,1.528,0.305,0.618,,total_coliform_mpn,"","","",tss_mg_l
CY 2014 APRIL,Obando,1,Polo Bridge Brgy. Polo Valenzuela City MM,14.810347222222223,120.93719444444444,2014-04-24,11:51:00,2014,4,date,2.9,8.3,,8.0,24.0,,,49000.0,2.223,0.601,0.487,,"","","","",""
CY 2014 APRIL,Obando,2,Near Municipal Fishport & P.M.,14.709213888888888,120.94659722222222,2014-04-24,12:10:00,2014,4,date,1.3,8.35,,2.0,37.0,,,16000.0,0.245,0.1,0.701,,"",total_coliform_mpn,"","",""
CY 2014 APRIL,Obando,3,Tawiran Bridge Brgy. Tawiran Obando Bulacan,14.746713888888888,120.91061666666667,2014-04-24,12:40:00,2014,4,date,3.8,8.43,,10.0,44.0,,,700.0,2.461,0.054,1.198,,"","","","",""
CY 2014 MAY,Obando,1,Polo Bridge Brgy. Polo Valenzuela City MM,14.810347222222223,120.93719444444444,2014-05-22,12:01:00,2014,5,date,1.72,7.41,,13.0,36.0,,,35000.0,1.356,0.207,3.591,,"","","","",""
CY 2014 MAY,Obando,2,Near Municipal Fishport & P.M.,14.709213888888888,120.94659722222222,2014-05-22,12:25:00,2014,5,date,1.51,7.39,,9.0,13.0,,,9200.0,1.553,0.136,3.562,,"","","","",""
CY 2014 MAY,Obando,3,Tawiran Bridge Brgy. Tawiran Obando Bulacan,14.746713888888888,120.91061666666667,2014-05-22,12:55:00,2014,5,date,1.62,7.41,,13.0,16.0,,,7000.0,1.368,0.173,3.598,,"","","","",""
CY 2014 JUNE,Obando,1,Polo Bridge Brgy. Polo Valenzuela City MM,14.810347222222223,120.93719444444444,2014-06-05,11:04:00,2014,6,date,0.36,7.28,,17.0,31.0,,,160000.0,6.542,0.216,1.121,,"",total_coliform_mpn,"","",""
CY 2014 JUNE,Obando,2,Near Municipal Fishport & P.M.,14.709213888888888,120.94659722222222,2014-06-05,11:24:00,2014,6,date,0.19,6.88,,16.0,29.0,,,54000.0,2.339,0.141,0.687,,"","","","",""
CY 2014 JUNE,Obando,3,Tawiran Bridge Brgy. Tawiran Obando Bulacan,14.746713888888888,120.91061666666667,2014-06-05,11:35:00,2014,6,date,0.83,7.16,,4.0,49.0,,,92000.0,1.834,0.187,0.633,,"","","","",""
CY 2014 JULY,Obando,1,Polo Bridge Brgy. Polo Valenzuela City MM,14.810347222222223,120.93719444444444,2014-07-30,10:51:00,2014,7,date,1.46,8.2,,14.0,14.0,,,240000.0,3.272,0.14,0.885,,"","","","",""
CY 2014 JULY,Obando,2,Near Municipal Fishport & P.M.,14.709213888888888,120.94659722222222,2014-07-30,11:23:00,2014,7,date,1.2,7.36,,22.0,21.0,,,240000.0,2.282,0.153,0.741,,"","","","",""
CY 2014 JULY,Obando,3,Tawiran Bridge Brgy. Tawiran Obando Bulacan,14.746713888888888,120.91061666666667,2014-07-30,11:57:00,2014,7,date,1.6,7.66,,21.0,30.0,,,170000.0,1.584,0.152,0.758,,"","","","",""
CY 2014 AUGUST,Obando,1,Polo Bridge Brgy. Polo Valenzuela City MM,14.810347222222223,120.93719444444444,2014-08-21,10:16:00,2014,8,date,0.5,7.72,,4.0,10.0,,,920000.0,2.78,0.331,1.912,,"","","","",""
CY 2014 AUGUST,Obando,2,Near Municipal Fishport & P.M.,14.709213888888888,120.94659722222222,2014-08-21,10:40:00,2014,8,date,0.91,7.16,,22.0,9.0,,,7900.0,2.16,0.176,0.701,,"","","","",""
CY 2014 AUGUST,Obando,3,Tawiran Bridge Brgy. Tawiran Obando Bulacan,14.746713888888888,120.91061666666667,2014-08-21,11:12:00,2014,8,date,0.15,7.32,,57.0,9.0,,,350000.0,1.775,0.244,0.742,,"","","","",""
CY 2014 SEPTEMBER,Obando,1,Polo Bridge Brgy. Polo Valenzuela City MM,14.810347222222223,120.93719444444444,2014-09-10,12:01:00,2014,9,date,1.8,8.0,,15.0,7.0,,,54000.0,2.209,0.294,1.259,,"","","","",""
CY 2014 SEPTEMBER,Obando,2,Near Municipal Fishport & P.M.,14.709213888888888,120.94659722222222,2014-09-10,12:21:00,2014,9,date,1.16,7.42,,5.0,45.0,,,54000.0,2.443,0.211,1.364,,"","","","",""
CY 2014 SEPTEMBER,Obando,3,Tawiran Bridge Brgy. Tawiran Obando Bulacan,14.746713888888888,120.91061666666667,2014-09-10,12:48:00,2014,9,date,1.32,8.07,,7.0,30.0,,,54000.0,1.534,0.212,1.44,,"","","","",""
CY 2014 OCTOBER,Obando,1,Polo Bridge Brgy. Polo Valenzuela City MM,14.810347222222223,120.93719444444444,2014-10-23,10:20:00,2014,10,date,0.16,7.87,,34.0,10.0,,,54000.0,1.602,0.204,0.377,,"","","","",""
CY 2014 OCTOBER,Obando,2,Near Municipal Fishport & P.M.,14.709213888888888,120.94659722222222,2014-10-23,10:53:00,2014,10,date,0.05,7.1,,20.0,10.0,,,92000.0,1.675,0.236,1.072,,"","","","",""
CY 2014 OCTOBER,Obando,3,Tawiran Bridge Brgy. Tawiran Obando Bulacan,14.746713888888888,120.91061666666667,2014-10-23,11:26:00,2014,10,date,0.74,7.67,,16.0,9.0,,,35000.0,1.765,0.211,0.149,,"","","","",""
CY 2014 NOVEMBER,Obando,1,Polo Bridge Brgy. Polo Valenzuela City MM,14.810347222222223,120.93719444444444,2014-11-19,09:40:00,2014,11,date,2.4,8.24,,23.0,12.0,,,160000.0,3.345,0.332,0.591,,"","","","",""
CY 2014 NOVEMBER,Obando,2,Near Municipal Fishport & P.M.,14.709213888888888,120.94659722222222,2014-11-19,10:01:00,2014,11,date,0.25,7.36,,34.0,27.0,,,17000.0,1.665,0.465,0.456,,"","","","",""
CY 2014 NOVEMBER,Obando,3,Tawiran Bridge Brgy. Tawiran Obando Bulacan,14.746713888888888,120.91061666666667,2014-11-19,10:35:00,2014,11,date,0.39,7.47,,31.0,18.0,,,35000.0,2.244,0.461,0.495,,"","","","",""
CY 2014 DECEMBER,Obando,1,Polo Bridge Brgy. Polo Valenzuela City MM,14.810347222222223,120.93719444444444,2014-12-12,11:25:00,2014,12,date,3.01,7.88,,14.0,11.0,,,92000.0,2.751,0.233,0.489,,"","","","",""
CY 2014 DECEMBER,Obando,2,Near Municipal Fishport & P.M.,14.709213888888888,120.94659722222222,2014-12-12,11:46:00,2014,12,date,0.25,7.38,,23.0,12.0,,,160000.0,2.65,0.31,0.647,,"",total_coliform_mpn,"","",""
CY 2014 DECEMBER,Obando,3,Tawiran Bridge Brgy. Tawiran Obando Bulacan,14.746713888888888,120.91061666666667,2014-12-12,12:15:00,2014,12,date,0.1,7.62,,19.0,12.0,,,540000.0,5.088,0.331,0.896,,"","","","",""
CY 2015 AUGUST,Obando,1,Polo Bridge Brgy. Polo Valenzuela City MM,14.810347222222223,120.93719444444444,2015-08-19,11:15:00,2015,8,date,3.2,7.44,,30.0,26.0,,,1.6e6,5.258,0.245,0.665,,"","","","",""
CY 2015 AUGUST,Obando,2,Near Municipal Fishport & P.M.,14.709213888888888,120.94659722222222,2015-08-19,11:36:00,2015,8,date,0.35,7.28,,50.0,44.0,,,920000.0,3.25,0.048,0.54,,nitrates_mg_l,"","","",""
CY 2015 AUGUST,Obando,3,Tawiran Bridge Brgy. Tawiran Obando Bulacan,14.746713888888888,120.91061666666667,2015-08-19,11:59:00,2015,8,date,0.76,7.42,,34.0,27.0,,,240000.0,2.604,0.048,1.126,,nitrates_mg_l,"","","",""
CY 2015 SEPTEMBER,Obando,1,Polo Bridge Brgy. Polo Valenzuela City MM,14.810347222222223,120.93719444444444,2015-09-10,12:02:00,2015,9,date,2.84,7.66,,14.0,26.0,,,540000.0,2.16,0.127,0.422,,"","","","",""
CY 2015 SEPTEMBER,Obando,2,Near Municipal Fishport & P.M.,14.709213888888888,120.94659722222222,2015-09-10,12:23:00,2015,9,date,0.3,7.1,,67.0,37.0,,,540000.0,1.485,0.048,0.18,,nitrates_mg_l,"","","",""
CY 2015 SEPTEMBER,Obando,3,Tawiran Bridge Brgy. Tawiran Obando Bulacan,14.746713888888888,120.91061666666667,2015-09-10,12:45:00,2015,9,date,1.1,7.34,,34.0,30.0,,,92000.0,0.721,0.048,0.32,,nitrates_mg_l,"","","",""
CY 2015 OCTOBER,Obando,1,Polo Bridge Brgy. Polo Valenzuela City MM,14.810347222222223,120.93719444444444,2015-10-14,12:15:00,2015,10,date,0.5,7.22,,21.0,5.0,,,1.6e7,9.692,0.055,1.165,,"",total_coliform_mpn,"","",""
CY 2015 OCTOBER,Obando,2,Near Municipal Fishport & P.M.,14.709213888888888,120.94659722222222,2015-10-14,12:40:00,2015,10,date,2.23,7.21,,10.0,11.0,,,24000.0,6.679,0.048,0.77,,nitrates_mg_l,"","","",""
CY 2015 OCTOBER,Obando,3,Tawiran Bridge Brgy. Tawiran Obando Bulacan,14.746713888888888,120.91061666666667,2015-10-14,13:05:00,2015,10,date,2.4,7.54,,12.0,26.0,,,92000.0,4.495,0.068,0.727,,"","","","",""
CY 2015 NOVEMBER,Obando,1,Polo Bridge Brgy. Polo Valenzuela City MM,14.810347222222223,120.93719444444444,2015-11-11,10:50:00,2015,11,date,3.15,8.13,,58.0,10.0,,,130000.0,6.772,0.202,0.771,,"","","","",""
CY 2015 NOVEMBER,Obando,2,Near Municipal Fishport & P.M.,14.709213888888888,120.94659722222222,2015-11-11,11:12:00,2015,11,date,1.43,7.45,,18.0,36.0,,,220000.0,7.524,0.093,0.929,,"","","","",""
CY 2015 NOVEMBER,Obando,3,Tawiran Bridge Brgy. Tawiran Obando Bulacan,14.746713888888888,120.91061666666667,2015-11-11,11:43:00,2015,11,date,0.98,7.64,,21.0,39.0,,,240000.0,7.386,0.117,0.991,,"","","","",""
CY 2015 DECEMBER,Obando,1,Polo Bridge Brgy. Polo Valenzuela City MM,14.810347222222223,120.93719444444444,2015-12-10,09:48:00,2015,12,date,1.53,8.19,,40.0,12.0,,,540000.0,5.136,0.048,0.649,,nitrates_mg_l,"","","",""
CY 2015 DECEMBER,Obando,2,Near Municipal Fishport & P.M.,14.709213888888888,120.94659722222222,2015-12-10,10:09:00,2015,12,date,1.29,7.49,,39.0,18.0,,,33000.0,9.266,0.048,1.324,,nitrates_mg_l,"","","",""
CY 2015 DECEMBER,Obando,3,Tawiran Bridge Brgy. Tawiran Obando Bulacan,14.746713888888888,120.91061666666667,2015-12-10,10:32:00,2015,12,date,1.21,7.61,,57.0,18.0,,,130000.0,10.481,0.048,1.351,,nitrates_mg_l,"","","",""
CY 2016 JANUARY,Obando,1,Polo Bridge Brgy. Polo Valenzuela City MM,14.810347222222223,120.93719444444444,2016-01-14,11:29:00,2016,1,date,4.2,8.41,,17.0,6.0,,,23000.0,6.667,0.048,0.362,,nitrates_mg_l,"","","",""
CY 2016 JANUARY,Obando,2,Near Municipal Fishport & P.M.,14.709213888888888,120.94659722222222,2016-01-14,11:55:00,2016,1,date,1.44,7.81,,63.0,31.0,,,920000.0,4.132,0.348,0.753,,"","","","",""
CY 2016 JANUARY,Obando,3,Tawiran Bridge Brgy. Tawiran Obando Bulacan,14.746713888888888,120.91061666666667,2016-01-14,12:20:00,2016,1,date,0.98,7.82,,13.0,27.0,,,23000.0,2.921,0.07,0.453,,"","","","",""
CY 2016 FEBRUARY,Obando,1,Polo Bridge Brgy. Polo Valenzuela City MM,14.810347222222223,120.93719444444444,2016-02-05,10:20:00,2016,2,date,2.4,8.42,,12.0,16.0,,,54000.0,3.113,0.079,0.433,,"","","","",""
CY 2016 FEBRUARY,Obando,2,Near Municipal Fishport & P.M.,14.709213888888888,120.94659722222222,2016-02-05,10:40:00,2016,2,date,0.8,7.68,,18.0,57.0,,,35000.0,2.118,0.105,0.545,,"","","","",""
CY 2016 FEBRUARY,Obando,3,Tawiran Bridge Brgy. Tawiran Obando Bulacan,14.746713888888888,120.91061666666667,2016-02-05,11:05:00,2016,2,date,0.45,7.82,,12.0,58.0,,,1100.0,4.75,0.121,0.726,,"","","","",""
CY 2016 MARCH,Obando,1,Polo Bridge Brgy. Polo Valenzuela City MM,14.810347222222223,120.93719444444444,2016-03-03,10:46:00,2016,3,date,1.02,7.23,,46.0,7.0,,,16000.0,13.314,0.135,1.42,,"",total_coliform_mpn,"","",""
CY 2016 MARCH,Obando,2,Near Municipal Fishport & P.M.,14.709213888888888,120.94659722222222,2016-03-03,11:10:00,2016,3,date,1.18,7.76,,35.0,15.0,,,16000.0,8.481,0.159,1.196,,"",total_coliform_mpn,"","",""
CY 2016 MARCH,Obando,3,Tawiran Bridge Brgy. Tawiran Obando Bulacan,14.746713888888888,120.91061666666667,2016-03-03,11:41:00,2016,3,date,1.26,7.75,,19.0,15.0,,,16000.0,7.411,0.254,0.896,,"",total_coliform_mpn,"","",""
CY 2016 APRIL,Obando,1,Polo Bridge Brgy. Polo Valenzuela City MM,14.810347222222223,120.93719444444444,2016-04-20,12:05:00,2016,4,date,3.4,7.85,,27.0,50.0,,,24000.0,3.71,0.123,0.193,,"","","","",""
CY 2016 APRIL,Obando,2,Near Municipal Fishport & P.M.,14.709213888888888,120.94659722222222,2016-04-20,12:35:00,2016,4,date,2.65,8.08,,21.0,34.0,,,3500.0,3.377,0.191,0.945,,"","","","",""
CY 2016 APRIL,Obando,3,Tawiran Bridge Brgy. Tawiran Obando Bulacan,14.746713888888888,120.91061666666667,2016-04-20,12:59:00,2016,4,date,2.56,8.05,,14.0,21.0,,,2200.0,5.688,0.048,1.095,,nitrates_mg_l,"","","",""
CY 2016 MAY,Obando,1,Polo Bridge Brgy. Polo Valenzuela City MM,14.810347222222223,120.93719444444444,2016-05-13,10:21:00,2016,5,date,1.0,7.4,,96.0,7.0,,,1.6e6,4.088,0.327,0.594,,"",total_coliform_mpn,"","",""
CY 2016 MAY,Obando,2,Near Municipal Fishport & P.M.,14.709213888888888,120.94659722222222,2016-05-13,10:57:00,2016,5,date,0.5,7.79,,49.0,14.0,,,35000.0,1.395,0.414,0.436,,"","","","",""
CY 2016 MAY,Obando,3,Tawiran Bridge Brgy. Tawiran Obando Bulacan,14.746713888888888,120.91061666666667,2016-05-13,11:30:00,2016,5,date,3.5,8.06,,18.0,20.0,,,1300.0,1.963,0.484,0.436,,"","","","",""
CY 2016 JUNE,Obando,1,Polo Bridge Brgy. Polo Valenzuela City MM,14.810347222222223,120.93719444444444,2016-06-10,11:36:00,2016,6,date,3.85,7.79,,47.0,10.0,,,35000.0,6.479,0.72,0.96,,"","","","",nitrates_mg_l
CY 2016 JUNE,Obando,2,Near Municipal Fishport & P.M.,14.709213888888888,120.94659722222222,2016-06-10,11:59:00,2016,6,date,3.65,7.48,,47.0,22.0,,,2400.0,2.788,0.876,0.334,,"","","","",nitrates_mg_l
CY 2016 JUNE,Obando,3,Tawiran Bridge Brgy. Tawiran Obando Bulacan,14.746713888888888,120.91061666666667,2016-06-10,12:31:00,2016,6,date,3.5,8.09,,19.0,15.0,,,5400.0,2.292,1.348,0.274,,"","","","",nitrates_mg_l
CY 2016 JULY,Obando,1,Polo Bridge Brgy. Polo Valenzuela City MM,14.810347222222223,120.93719444444444,2016-07-21,10:48:00,2016,7,date,3.52,7.31,,28.0,12.0,,,240000.0,8.214,0.186,1.166,,"","","","",""
CY 2016 JULY,Obando,2,Near Municipal Fishport & P.M.,14.709213888888888,120.94659722222222,2016-07-21,11:46:00,2016,7,date,1.05,7.62,,47.0,21.0,,,240000.0,2.995,0.066,0.553,,"","","","",""
CY 2016 JULY,Obando,3,Tawiran Bridge Brgy. Tawiran Obando Bulacan,14.746713888888888,120.91061666666667,2016-07-21,12:15:00,2016,7,date,4.46,8.01,,10.0,22.0,,,240000.0,2.371,0.118,0.527,,"","","","",""
CY 2016 AUGUST,Obando,1,Polo Bridge Brgy. Polo Valenzuela City MM,14.810347222222223,120.93719444444444,2016-08-19,10:41:00,2016,8,date,5.0,7.08,,57.0,10.0,,540000.0,35000.0,0.0,0.259,0.691,273.0,"","","",total_coliform_mpn,""
CY 2016 AUGUST,Obando,2,Near Municipal Fishport & P.M.,14.709213888888888,120.94659722222222,2016-08-19,10:55:00,2016,8,date,5.2,7.84,,8.0,16.0,,540000.0,35000.0,0.0,0.247,0.448,3226.0,"","","",total_coliform_mpn,chlorides_mg_l
CY 2016 AUGUST,Obando,3,Tawiran Bridge Brgy. Tawiran Obando Bulacan,14.746713888888888,120.91061666666667,2016-08-19,11:25:00,2016,8,date,5.2,7.99,,10.0,14.0,,35000.0,5400.0,0.0,0.048,0.45,3325.0,nitrates_mg_l,"","",total_coliform_mpn,chlorides_mg_l
CY 2016 SEPTEMBER,Obando,1,Polo Bridge Brgy. Polo Valenzuela City MM,14.810347222222223,120.93719444444444,2016-09-23,12:56:00,2016,9,date,3.0,7.68,,25.0,14.0,,350000.0,35000.0,0.0,0.175,0.88,213.0,"","","",total_coliform_mpn,""
CY 2016 SEPTEMBER,Obando,2,Near Municipal Fishport & P.M.,14.709213888888888,120.94659722222222,2016-09-23,13:30:00,2016,9,date,2.2,7.96,,16.0,13.0,,2.4e6,35000.0,0.0,0.192,0.754,2482.0,"","","",total_coliform_mpn,""
CY 2016 SEPTEMBER,Obando,3,Tawiran Bridge Brgy. Tawiran Obando Bulacan,14.746713888888888,120.91061666666667,2016-09-23,14:15:00,2016,9,date,2.3,7.78,,62.0,12.0,,540000.0,5400.0,0.0,0.153,0.848,2082.0,"","","",total_coliform_mpn,""
CY 2016 OCTOBER,Obando,1,Polo Bridge Brgy. Polo Valenzuela City MM,14.810347222222223,120.93719444444444,2016-10-14,11:57:00,2016,10,date,1.9,7.96,,37.0,9.0,,35000.0,35000.0,4.088,0.056,1.091,69.0,"","","",total_coliform_mpn;ammonia_mg_l,""
CY 2016 OCTOBER,Obando,2,Near Municipal Fishport & P.M.,14.709213888888888,120.94659722222222,2016-10-14,12:30:00,2016,10,date,0.7,8.01,,28.0,3.0,,160000.0,35000.0,2.788,0.067,0.719,7345.0,"","","",total_coliform_mpn;ammonia_mg_l,chlorides_mg_l
CY 2016 OCTOBER,Obando,3,Tawiran Bridge Brgy. Tawiran Obando Bulacan,14.746713888888888,120.91061666666667,2016-10-14,12:58:00,2016,10,date,3.8,7.97,,23.0,31.0,,140000.0,5400.0,2.371,0.36,0.851,3474.0,"","","",total_coliform_mpn;ammonia_mg_l,chlorides_mg_l
CY 2016 NOVEMBER,Obando,1,Polo Bridge Brgy. Polo Valenzuela City MM,14.810347222222223,120.93719444444444,2016-11-24,12:51:00,2016,11,date,4.9,7.25,,45.0,24.0,,130000.0,35000.0,4.088,0.048,1.078,117.0,nitrates_mg_l,"","",total_coliform_mpn;ammonia_mg_l,""
CY 2016 NOVEMBER,Obando,2,Near Municipal Fishport & P.M.,14.709213888888888,120.94659722222222,2016-11-24,13:10:00,2016,11,date,3.4,7.85,,16.0,52.0,,33000.0,35000.0,2.788,0.079,0.734,5294.0,"","","",total_coliform_mpn;ammonia_mg_l,chlorides_mg_l
CY 2016 NOVEMBER,Obando,3,Tawiran Bridge Brgy. Tawiran Obando Bulacan,14.746713888888888,120.91061666666667,2016-11-24,13:39:00,2016,11,date,4.0,7.79,,9.0,79.0,,5400.0,5400.0,2.371,0.048,0.705,4080.0,nitrates_mg_l,"","",total_coliform_mpn;ammonia_mg_l,tss_mg_l;chlorides_mg_l
CY 2017 JANUARY,Obando,1,Polo Bridge Brgy. Polo Valenzuela City MM,14.810347222222223,120.93719444444444,2017-01-12,12:01:00,2017,1,date,1.5,7.2,26.7,132.0,43.0,20.0,540000.0,,,0.065,0.941,9082.0,"","","","",bod_mg_l;chlorides_mg_l
CY 2017 JANUARY,Obando,2,Near Municipal Fishport & P.M.,14.709213888888888,120.94659722222222,2017-01-12,12:25:00,2017,1,date,1.0,7.15,27.2,88.0,35.0,20.0,350000.0,,,0.048,0.976,10102.0,nitrates_mg_l,"","","",chlorides_mg_l
CY 2017 JANUARY,Obando,3,Tawiran Bridge Brgy. Tawiran Obando Bulacan,14.746713888888888,120.91061666666667,2017-01-12,12:56:00,2017,1,date,0.7,7.3,27.5,97.0,67.0,30.0,350000.0,,,0.077,1.01,10296.0,"","","","",tss_mg_l;chlorides_mg_l
CY 2017 FEBRUARY,Obando,1,Polo Bridge Brgy. Polo Valenzuela City MM,14.810347222222223,120.93719444444444,2017-02-13,10:37:00,2017,2,date,3.6,7.35,26.1,14.0,13.0,40.0,24000.0,,,0.119,0.61,291.0,"","","","",""
CY 2017 FEBRUARY,Obando,2,Near Municipal Fishport & P.M.,14.709213888888888,120.94659722222222,2017-02-13,10:58:00,2017,2,date,1.16,7.65,26.0,131.0,48.0,40.0,2.4e6,,,0.048,0.739,13404.0,nitrates_mg_l,"","","",bod_mg_l;chlorides_mg_l
CY 2017 FEBRUARY,Obando,3,Tawiran Bridge Brgy. Tawiran Obando Bulacan,14.746713888888888,120.91061666666667,2017-02-13,11:31:00,2017,2,date,1.27,7.76,26.5,22.0,33.0,40.0,240000.0,,,0.048,0.956,6353.0,nitrates_mg_l,"","","",chlorides_mg_l
CY 2017 MARCH,Obando,1,Polo Bridge Brgy. Polo Valenzuela City MM,14.810347222222223,120.93719444444444,2017-03-17,10:35:00,2017,3,date,6.5,7.83,29.1,36.0,19.0,60.0,110000.0,,,0.048,0.293,199.0,nitrates_mg_l,"","","",dissolved_oxygen_mg_l
CY 2017 MARCH,Obando,2,Near Municipal Fishport & P.M.,14.709213888888888,120.94659722222222,2017-03-17,10:58:00,2017,3,date,1.77,7.43,29.2,26.0,76.0,40.0,540000.0,,,0.048,0.148,15782.0,nitrates_mg_l,"","","",tss_mg_l;chlorides_mg_l
CY 2017 MARCH,Obando,3,Tawiran Bridge Brgy. Tawiran Obando Bulacan,14.746713888888888,120.91061666666667,2017-03-17,11:35:00,2017,3,date,4.78,7.79,30.1,18.0,52.0,40.0,24000.0,,,0.048,0.178,12507.0,nitrates_mg_l,"","","",chlorides_mg_l
CY 2017 APRIL,Obando,1,Polo Bridge Brgy. Polo Valenzuela City MM,14.810347222222223,120.93719444444444,2017-04-19,12:05:00,2017,4,date,5.6,7.79,32.2,26.0,74.0,60.0,160000.0,,,0.048,0.52,149.0,nitrates_mg_l,"","","",tss_mg_l
CY 2017 APRIL,Obando,2,Near Municipal Fishport & P.M.,14.709213888888888,120.94659722222222,2017-04-19,12:28:00,2017,4,date,3.07,7.55,32.45,4.0,97.0,30.0,28000.0,,,0.048,0.421,21539.0,nitrates_mg_l,"","","",tss_mg_l;chlorides_mg_l
CY 2017 APRIL,Obando,3,Tawiran Bridge Brgy. Tawiran Obando Bulacan,14.746713888888888,120.91061666666667,2017-04-19,12:48:00,2017,4,date,4.2,7.64,32.2,2.0,95.0,40.0,2400.0,,,0.048,0.567,26403.0,nitrates_mg_l,"","","",tss_mg_l;chlorides_mg_l
CY 2017 MAY,Obando,1,Polo Bridge Brgy. Polo Valenzuela City MM,14.810347222222223,120.93719444444444,2017-05-11,11:20:00,2017,5,date,4.9,7.41,31.8,19.0,19.0,80.0,920000.0,,,0.048,0.429,195.0,nitrates_mg_l,"","","",""
CY 2017 MAY,Obando,2,Near Municipal Fishport & P.M.,14.709213888888888,120.94659722222222,2017-05-11,11:44:00,2017,5,date,1.2,7.39,32.1,36.0,65.0,40.0,220000.0,,,0.048,0.608,79037.0,nitrates_mg_l,"","","",tss_mg_l;chlorides_mg_l
CY 2017 MAY,Obando,3,Tawiran Bridge Brgy. Tawiran Obando Bulacan,14.746713888888888,120.91061666666667,2017-05-11,12:15:00,2017,5,date,4.5,7.49,33.1,14.0,73.0,40.0,4900.0,,,0.048,0.86,15034.0,nitrates_mg_l,"","","",tss_mg_l;chlorides_mg_l
CY 2017 JUNE,Obando,1,Polo Bridge Brgy. Polo Valenzuela City MM,14.810347222222223,120.93719444444444,2017-06-16,12:18:00,2017,6,date,6.5,7.96,33.68,30.0,23.0,80.0,110000.0,,,0.11,0.528,234.0,"","","","",dissolved_oxygen_mg_l
CY 2017 JUNE,Obando,2,Near Municipal Fishport & P.M.,14.709213888888888,120.94659722222222,2017-06-16,12:45:00,2017,6,date,1.9,7.21,32.0,22.0,52.0,40.0,540000.0,,,0.261,0.396,15913.0,"","","","",chlorides_mg_l
CY 2017 JUNE,Obando,3,Tawiran Bridge Brgy. Tawiran Obando Bulacan,14.746713888888888,120.91061666666667,2017-06-16,13:10:00,2017,6,date,4.81,7.8,32.75,23.0,115.0,40.0,1300.0,,,0.214,0.653,16694.0,"","","","",tss_mg_l;chlorides_mg_l
CY 2017 JULY,Obando,1,Polo Bridge Brgy. Polo Valenzuela City MM,14.810347222222223,120.93719444444444,2017-07-21,11:39:00,2017,7,date,2.15,7.45,31.5,14.0,20.0,100.0,920000.0,,,0.048,0.992,86.0,nitrates_mg_l,"","","",""
CY 2017 JULY,Obando,2,Near Municipal Fishport & P.M.,14.709213888888888,120.94659722222222,2017-07-21,12:04:00,2017,7,date,0.5,7.36,30.4,76.0,69.0,40.0,220000.0,,,0.048,0.494,14742.0,nitrates_mg_l,"","","",tss_mg_l;chlorides_mg_l
CY 2017 JULY,Obando,3,Tawiran Bridge Brgy. Tawiran Obando Bulacan,14.746713888888888,120.91061666666667,2017-07-21,12:30:00,2017,7,date,0.65,7.54,30.3,24.0,79.0,40.0,540000.0,,,0.048,0.963,8493.0,"","","","",tss_mg_l;chlorides_mg_l
CY 2017 AUGUST,Obando,1,Polo Bridge Brgy. Polo Valenzuela City MM,14.810347222222223,120.93719444444444,2017-08-11,12:20:00,2017,8,date,6.18,8.49,34.18,15.0,14.0,50.0,170000.0,,,0.048,0.348,328.0,nitrates_mg_l,"","","",dissolved_oxygen_mg_l
CY 2017 AUGUST,Obando,2,Near Municipal Fishport & P.M.,14.709213888888888,120.94659722222222,2017-08-11,12:40:00,2017,8,date,4.81,8.2,33.4,15.0,26.0,30.0,33000.0,,,0.048,0.407,8201.0,nitrates_mg_l,"","","",chlorides_mg_l
CY 2017 AUGUST,Obando,3,Tawiran Bridge Brgy. Tawiran Obando Bulacan,14.746713888888888,120.91061666666667,2017-08-11,13:10:00,2017,8,date,5.79,8.3,33.5,11.0,26.0,20.0,49000.0,,,0.093,0.409,8689.0,"","","","",chlorides_mg_l
CY 2017 SEPTEMBER,Obando,1,Polo Bridge Brgy. Polo Valenzuela City MM,14.810347222222223,120.93719444444444,2017-09-15,10:03:00,2017,9,date,1.75,6.64,29.4,8.0,14.0,40.0,21000.0,,,0.048,0.584,132.0,nitrates_mg_l,"","","",""
CY 2017 SEPTEMBER,Obando,2,Near Municipal Fishport & P.M.,14.709213888888888,120.94659722222222,2017-09-15,11:25:00,2017,9,date,1.2,6.93,30.2,8.0,13.0,30.0,110000.0,,,0.217,0.599,4588.0,"","","","",chlorides_mg_l
CY 2017 SEPTEMBER,Obando,3,Tawiran Bridge Brgy. Tawiran Obando Bulacan,14.746713888888888,120.91061666666667,2017-09-15,12:01:00,2017,9,date,2.95,7.25,30.1,13.0,41.0,40.0,70000.0,,,0.048,0.831,2343.0,nitrates_mg_l,"","","",""
CY 2017 OCTOBER,Obando,1,Polo Bridge Brgy. Polo Valenzuela City MM,14.810347222222223,120.93719444444444,2017-10-13,10:33:00,2017,10,date,3.21,7.0,30.3,16.0,10.0,40.0,70000.0,,,0.087,0.953,22.0,"","","","",""
CY 2017 OCTOBER,Obando,2,Near Municipal Fishport & P.M.,14.709213888888888,120.94659722222222,2017-10-13,11:03:00,2017,10,date,1.3,7.12,30.55,34.0,34.0,20.0,350000.0,,,0.065,0.709,58.0,"","","","",""
CY 2017 OCTOBER,Obando,3,Tawiran Bridge Brgy. Tawiran Obando Bulacan,14.746713888888888,120.91061666666667,2017-10-13,11:50:00,2017,10,date,1.1,7.42,30.8,26.0,46.0,20.0,240000.0,,,0.099,0.899,43.0,"","","","",""
CY 2017 NOVEMBER,Obando,1,Polo Bridge Brgy. Polo Valenzuela City MM,14.810347222222223,120.93719444444444,2017-11-30,09:55:00,2017,11,date,4.5,7.4,29.6,14.0,10.0,40.0,240000.0,,,0.181,0.682,123.0,"","","","",""
CY 2017 NOVEMBER,Obando,2,Near Municipal Fishport & P.M.,14.709213888888888,120.94659722222222,2017-11-30,10:16:00,2017,11,date,1.28,7.15,29.4,28.0,50.0,40.0,2.4e6,,,0.075,0.6,14505.0,"","","","",chlorides_mg_l
CY 2017 NOVEMBER,Obando,3,Tawiran Bridge Brgy. Tawiran Obando Bulacan,14.746713888888888,120.91061666666667,2017-11-30,10:50:00,2017,11,date,1.4,7.41,30.1,10.0,83.0,20.0,2.4e6,,,0.067,0.996,9115.0,"","","","",tss_mg_l;chlorides_mg_l
CY 2018 JANUARY,Obando,1,Polo Bridge Brgy. Polo Valenzuela City MM,14.810347222222223,120.93719444444444,2018-01-28,13:21:00,2018,1,date,4.25,7.02,28.0,20.0,8.0,20.0,460000.0,,,0.094,0.607,293.0,"","","","",""
CY 2018 JANUARY,Obando,2,Near Municipal Fishport & P.M.,14.709213888888888,120.94659722222222,2018-01-28,13:42:00,2018,1,date,1.58,7.18,27.9,95.0,6.0,20.0,2.4e6,,,0.048,0.612,13752.0,nitrates_mg_l,"","","",chlorides_mg_l
CY 2018 JANUARY,Obando,3,Tawiran Bridge Brgy. Tawiran Obando Bulacan,14.746713888888888,120.91061666666667,2018-01-28,14:05:00,2018,1,date,1.45,7.32,29.7,38.0,22.0,20.0,2.4e6,,,0.193,0.8,10923.0,"","","","",chlorides_mg_l
CY 2018 FEBRUARY,Obando,1,Polo Bridge Brgy. Polo Valenzuela City MM,14.810347222222223,120.93719444444444,2018-02-23,12:05:00,2018,2,date,6.52,7.82,31.0,96.0,58.0,40.0,920000.0,,,0.048,0.802,585.0,nitrates_mg_l,"","","",dissolved_oxygen_mg_l
CY 2018 FEBRUARY,Obando,2,Near Municipal Fishport & P.M.,14.709213888888888,120.94659722222222,2018-02-23,12:26:00,2018,2,date,0.9,6.95,29.4,40.0,47.0,40.0,350000.0,,,0.107,0.838,27211.0,"","","","",chlorides_mg_l
CY 2018 FEBRUARY,Obando,3,Tawiran Bridge Brgy. Tawiran Obando Bulacan,14.746713888888888,120.91061666666667,2018-02-23,12:52:00,2018,2,date,3.17,7.67,30.5,16.0,27.0,40.0,23000.0,,,0.066,0.987,20774.0,"","","","",chlorides_mg_l
CY 2018 MARCH,Obando,1,Polo Bridge Brgy. Polo Valenzuela City MM,14.810347222222223,120.93719444444444,2018-03-19,13:10:00,2018,3,date,3.82,8.15,32.66,31.0,22.0,40.0,3500.0,,,0.115,0.507,291.0,"","","","",""
CY 2018 MARCH,Obando,2,Near Municipal Fishport & P.M.,14.709213888888888,120.94659722222222,2018-03-19,13:30:00,2018,3,date,1.73,8.1,29.45,24.0,21.0,30.0,13000.0,,,0.105,0.704,29408.0,"","","","",chlorides_mg_l
CY 2018 MARCH,Obando,3,Tawiran Bridge Brgy. Tawiran Obando Bulacan,14.746713888888888,120.91061666666667,2018-03-19,13:51:00,2018,3,date,3.4,8.49,31.19,15.0,30.0,30.0,540000.0,,,0.158,0.55,32999.0,"","","","",chlorides_mg_l
CY 2018 APRIL,Obando,1,Polo Bridge Brgy. Polo Valenzuela City MM,14.810347222222223,120.93719444444444,2018-04-23,13:55:00,2018,4,date,6.15,8.45,33.4,47.0,25.0,20.0,4900.0,,,0.332,0.766,300.0,"","","","",dissolved_oxygen_mg_l
CY 2018 APRIL,Obando,2,Near Municipal Fishport & P.M.,14.709213888888888,120.94659722222222,2018-04-23,14:19:00,2018,4,date,5.74,7.9,32.5,11.0,16.0,20.0,2300.0,,,0.055,0.437,104662.0,"","","","",chlorides_mg_l
CY 2018 APRIL,Obando,3,Tawiran Bridge Brgy. Tawiran Obando Bulacan,14.746713888888888,120.91061666666667,2018-04-23,14:40:00,2018,4,date,5.68,8.32,32.3,23.0,30.0,20.0,1700.0,,,0.152,0.394,99500.0,"","","","",chlorides_mg_l
CY 2018 MAY,Obando,1,Polo Bridge Brgy. Polo Valenzuela City MM,14.810347222222223,120.93719444444444,2018-05-28,11:33:00,2018,5,date,5.65,7.85,33.7,26.0,33.0,30.0,22000.0,,,0.048,0.872,318.0,nitrates_mg_l,"","","",""
CY 2018 MAY,Obando,2,Near Municipal Fishport & P.M.,14.709213888888888,120.94659722222222,2018-05-28,11:52:00,2018,5,date,2.52,7.74,33.4,32.0,4.0,30.0,35000.0,,,0.048,0.443,19340.0,nitrates_mg_l,"","","",chlorides_mg_l
CY 2018 MAY,Obando,3,Tawiran Bridge Brgy. Tawiran Obando Bulacan,14.746713888888888,120.91061666666667,2018-05-28,12:10:00,2018,5,date,5.26,8.31,34.25,23.0,33.0,50.0,14000.0,,,0.048,0.778,13267.0,nitrates_mg_l,"","","",chlorides_mg_l
